{"type":"FeatureCollection","source":{"organization":"IBGE","snapshot":"Malhas v3 / Localidades v1, consultado em 2026-08-15","regionId":"04901","quality":"maxima"},"features":[{"type":"Feature","id":"3503901","properties":{"ibge_code":"3503901","name":"Arujá","state_code":"SP"},"geometry":{"type":"Polygon","coordinates":[[[-46.2477,-23.4056],[-46.2484,-23.4052],[-46.2516,-23.4059],[-46.2528,-23.4047],[-46.2562,-23.4062],[-46.257,-23.4038],[-46.258,-23.4021],[-46.2584,-23.4],[-46.261,-23.3997],[-46.2648,-23.3966],[-46.266,-23.3961],[-46.2686,-23.3937],[-46.2702,-23.3918],[-46.272,-23.3902],[-46.2726,-23.3889],[-46.2747,-23.3885],[-46.2931,-23.371],[-46.2943,-23.3694],[-46.2942,-23.3662],[-46.2937,-23.3651],[-46.2941,-23.3608],[-46.2931,-23.3594],[-46.2928,-23.3569],[-46.293,-23.3542],[-46.2918,-23.352],[-46.2925,-23.3509],[-46.2917,-23.346],[-46.2927,-23.3432],[-46.2935,-23.342],[-46.2936,-23.3389],[-46.2899,-23.3372],[-46.2945,-23.3335],[-46.2971,-23.3333],[-46.2968,-23.3323],[-46.2983,-23.3313],[-46.297,-23.3293],[-46.2986,-23.3274],[-46.2992,-23.3245],[-46.3007,-23.3245],[-46.3016,-23.3236],[-46.303,-23.3237],[-46.3042,-23.3217],[-46.3054,-23.3215],[-46.3079,-23.3227],[-46.3093,-23.3228],[-46.3117,-23.3247],[-46.3128,-23.3239],[-46.3126,-23.322],[-46.3145,-23.3233],[-46.319,-23.325],[-46.3198,-23.3265],[-46.323,-23.3268],[-46.3231,-23.3283],[-46.3252,-23.3275],[-46.3278,-23.3282],[-46.3275,-23.3293],[-46.3311,-23.3304],[-46.3345,-23.332],[-46.3351,-23.3348],[-46.3365,-23.3348],[-46.3399,-23.3351],[-46.3399,-23.3364],[-46.3412,-23.3377],[-46.3421,-23.3401],[-46.3418,-23.3413],[-46.3442,-23.3418],[-46.3434,-23.3433],[-46.3447,-23.3438],[-46.3444,-23.3451],[-46.3458,-23.3459],[-46.3472,-23.348],[-46.3485,-23.3484],[-46.3496,-23.3496],[-46.3516,-23.3501],[-46.3515,-23.3517],[-46.355,-23.3524],[-46.3578,-23.3553],[-46.3574,-23.3571],[-46.3597,-23.3593],[-46.3614,-23.3599],[-46.3629,-23.3595],[-46.3632,-23.3613],[-46.3662,-23.3637],[-46.3674,-23.3639],[-46.37,-23.3651],[-46.3706,-23.3666],[-46.372,-23.3674],[-46.3723,-23.3701],[-46.3699,-23.3748],[-46.3703,-23.377],[-46.37,-23.3787],[-46.3711,-23.3808],[-46.3704,-23.3821],[-46.3709,-23.3842],[-46.3728,-23.386],[-46.3705,-23.3876],[-46.3705,-23.3895],[-46.3694,-23.3906],[-46.3686,-23.3942],[-46.3718,-23.395],[-46.3768,-23.3971],[-46.3776,-23.4015],[-46.3771,-23.4032],[-46.3752,-23.405],[-46.3757,-23.407],[-46.3751,-23.4082],[-46.372,-23.4122],[-46.371,-23.4178],[-46.3702,-23.4181],[-46.369,-23.4205],[-46.3672,-23.4229],[-46.3677,-23.4234],[-46.3672,-23.4261],[-46.3676,-23.428],[-46.3668,-23.4301],[-46.3633,-23.4329],[-46.3602,-23.4363],[-46.3584,-23.4373],[-46.3574,-23.4348],[-46.3575,-23.4316],[-46.3579,-23.4298],[-46.3574,-23.4289],[-46.3553,-23.4269],[-46.3545,-23.4227],[-46.3525,-23.4209],[-46.349,-23.42],[-46.3459,-23.4206],[-46.3409,-23.4224],[-46.3401,-23.4236],[-46.3369,-23.4229],[-46.3281,-23.4247],[-46.3257,-23.4238],[-46.3249,-23.4248],[-46.3223,-23.4255],[-46.3199,-23.4243],[-46.3175,-23.4239],[-46.3169,-23.4229],[-46.3166,-23.4199],[-46.3153,-23.419],[-46.3141,-23.4165],[-46.3129,-23.4161],[-46.3119,-23.4168],[-46.3113,-23.4232],[-46.3101,-23.424],[-46.3087,-23.4237],[-46.303,-23.4246],[-46.3018,-23.4265],[-46.2992,-23.4273],[-46.298,-23.429],[-46.2975,-23.4309],[-46.2958,-23.4311],[-46.2936,-23.4298],[-46.2927,-23.4303],[-46.2925,-23.4318],[-46.2905,-23.4328],[-46.2886,-23.4345],[-46.2877,-23.434],[-46.2846,-23.4353],[-46.2808,-23.4341],[-46.2795,-23.4344],[-46.2777,-23.4333],[-46.2769,-23.4343],[-46.2755,-23.4338],[-46.2741,-23.4323],[-46.2732,-23.4295],[-46.2725,-23.4291],[-46.2706,-23.4299],[-46.268,-23.43],[-46.2661,-23.4292],[-46.2644,-23.4275],[-46.2604,-23.4265],[-46.26,-23.4231],[-46.2571,-23.422],[-46.2556,-23.4193],[-46.2555,-23.4178],[-46.2537,-23.4168],[-46.2515,-23.4165],[-46.2512,-23.4155],[-46.2498,-23.4153],[-46.2493,-23.4116],[-46.2506,-23.4097],[-46.2505,-23.4083],[-46.2477,-23.4056]]]}},{"type":"Feature","id":"3505708","properties":{"ibge_code":"3505708","name":"Barueri","state_code":"SP"},"geometry":{"type":"Polygon","coordinates":[[[-46.8007,-23.4704],[-46.8025,-23.4733],[-46.8052,-23.4743],[-46.8064,-23.4759],[-46.8068,-23.4779],[-46.8065,-23.4787],[-46.8071,-23.4806],[-46.8069,-23.4821],[-46.8082,-23.4846],[-46.8107,-23.4855],[-46.8123,-23.4844],[-46.8149,-23.4856],[-46.8152,-23.4839],[-46.8167,-23.4828],[-46.8195,-23.4823],[-46.8209,-23.4805],[-46.8224,-23.4816],[-46.8234,-23.481],[-46.8264,-23.4817],[-46.8272,-23.4824],[-46.8294,-23.4823],[-46.8321,-23.4828],[-46.8342,-23.4845],[-46.8353,-23.4846],[-46.837,-23.4829],[-46.8389,-23.4825],[-46.8398,-23.4833],[-46.8417,-23.483],[-46.8436,-23.482],[-46.8461,-23.4828],[-46.8487,-23.4809],[-46.8501,-23.4826],[-46.8526,-23.4839],[-46.8552,-23.4839],[-46.8574,-23.4833],[-46.8616,-23.4829],[-46.8629,-23.4812],[-46.8651,-23.4811],[-46.8663,-23.4794],[-46.8678,-23.479],[-46.8679,-23.4781],[-46.8697,-23.4774],[-46.8762,-23.4798],[-46.8776,-23.4801],[-46.8789,-23.4784],[-46.8792,-23.4764],[-46.8785,-23.4736],[-46.8792,-23.4708],[-46.8807,-23.4722],[-46.8822,-23.4727],[-46.8854,-23.473],[-46.8863,-23.4741],[-46.8884,-23.4747],[-46.8884,-23.4792],[-46.889,-23.4809],[-46.8887,-23.4841],[-46.8931,-23.484],[-46.8966,-23.485],[-46.8962,-23.4861],[-46.8985,-23.4896],[-46.899,-23.4911],[-46.9005,-23.4916],[-46.9029,-23.4914],[-46.9047,-23.4906],[-46.9068,-23.4906],[-46.9087,-23.4912],[-46.9126,-23.4913],[-46.9144,-23.4901],[-46.9149,-23.4884],[-46.9179,-23.4879],[-46.9197,-23.4871],[-46.924,-23.4887],[-46.9254,-23.4888],[-46.9288,-23.4879],[-46.9304,-23.4883],[-46.9314,-23.4871],[-46.933,-23.4869],[-46.9353,-23.4871],[-46.9366,-23.4878],[-46.9386,-23.4872],[-46.9397,-23.4863],[-46.9418,-23.486],[-46.9442,-23.4877],[-46.9447,-23.4862],[-46.9471,-23.4849],[-46.9483,-23.4852],[-46.9533,-23.4838],[-46.9541,-23.4861],[-46.9557,-23.4861],[-46.9565,-23.4878],[-46.9557,-23.4895],[-46.9573,-23.4913],[-46.9613,-23.4926],[-46.9635,-23.4937],[-46.9654,-23.497],[-46.9645,-23.4987],[-46.9616,-23.5],[-46.9586,-23.5032],[-46.9562,-23.5035],[-46.9549,-23.5046],[-46.9523,-23.5054],[-46.9521,-23.5048],[-46.9493,-23.5045],[-46.9478,-23.5053],[-46.9455,-23.5048],[-46.9443,-23.5073],[-46.9421,-23.5075],[-46.9357,-23.5114],[-46.9328,-23.5128],[-46.9296,-23.5132],[-46.9252,-23.5146],[-46.924,-23.5143],[-46.9231,-23.513],[-46.9218,-23.514],[-46.9206,-23.5141],[-46.9175,-23.5125],[-46.9152,-23.5125],[-46.9153,-23.5145],[-46.9144,-23.5167],[-46.9144,-23.5186],[-46.9132,-23.5202],[-46.9104,-23.5216],[-46.9086,-23.5216],[-46.9072,-23.52],[-46.9054,-23.5202],[-46.9032,-23.5195],[-46.9017,-23.5222],[-46.8999,-23.5239],[-46.897,-23.5249],[-46.8961,-23.5243],[-46.8941,-23.5258],[-46.8934,-23.5286],[-46.8918,-23.5315],[-46.8922,-23.5338],[-46.894,-23.5366],[-46.8946,-23.5385],[-46.894,-23.5398],[-46.8927,-23.5404],[-46.8911,-23.5422],[-46.8901,-23.5453],[-46.891,-23.5479],[-46.8907,-23.5501],[-46.8882,-23.5523],[-46.8864,-23.5532],[-46.8814,-23.5524],[-46.8806,-23.5512],[-46.8783,-23.5493],[-46.8764,-23.5485],[-46.8741,-23.5503],[-46.8726,-23.5504],[-46.8698,-23.5486],[-46.8669,-23.5482],[-46.8658,-23.547],[-46.8606,-23.5448],[-46.862,-23.5448],[-46.8622,-23.5428],[-46.8619,-23.5401],[-46.8626,-23.54],[-46.8618,-23.5373],[-46.8608,-23.5372],[-46.8619,-23.5346],[-46.8609,-23.5332],[-46.8625,-23.5305],[-46.8601,-23.5289],[-46.8605,-23.5262],[-46.8624,-23.5253],[-46.8624,-23.523],[-46.8615,-23.522],[-46.8602,-23.5226],[-46.8589,-23.5209],[-46.857,-23.52],[-46.8562,-23.5184],[-46.8544,-23.5166],[-46.847,-23.5162],[-46.8445,-23.5156],[-46.8413,-23.5139],[-46.8385,-23.5106],[-46.835,-23.511],[-46.8323,-23.5125],[-46.8322,-23.514],[-46.8282,-23.5172],[-46.8235,-23.5186],[-46.8223,-23.521],[-46.8201,-23.5219],[-46.8174,-23.5207],[-46.8172,-23.5185],[-46.8163,-23.5168],[-46.8132,-23.5138],[-46.8101,-23.5123],[-46.8085,-23.51],[-46.8083,-23.5065],[-46.8102,-23.5043],[-46.8111,-23.5023],[-46.812,-23.5018],[-46.8124,-23.4997],[-46.8118,-23.498],[-46.8088,-23.4944],[-46.8069,-23.4931],[-46.806,-23.4907],[-46.8056,-23.4887],[-46.8043,-23.4859],[-46.8016,-23.4847],[-46.8004,-23.4848],[-46.7998,-23.4837],[-46.8014,-23.482],[-46.8018,-23.4807],[-46.8013,-23.4786],[-46.7992,-23.4773],[-46.7987,-23.4765],[-46.7998,-23.4736],[-46.7995,-23.4714],[-46.8007,-23.4704]]]}},{"type":"Feature","id":"3506607","properties":{"ibge_code":"3506607","name":"Biritiba Mirim","state_code":"SP"},"geometry":{"type":"Polygon","coordinates":[[[-46.1009,-23.7184],[-46.1002,-23.7205],[-46.1016,-23.7222],[-46.1012,-23.7234],[-46.0995,-23.725],[-46.0971,-23.7256],[-46.0973,-23.7268],[-46.0985,-23.7282],[-46.1006,-23.7294],[-46.103,-23.7291],[-46.1048,-23.7295],[-46.107,-23.7309],[-46.1068,-23.7322],[-46.1037,-23.7339],[-46.1033,-23.7359],[-46.1024,-23.7363],[-46.0985,-23.7358],[-46.0972,-23.7353],[-46.0956,-23.7338],[-46.0898,-23.7332],[-46.0861,-23.7339],[-46.0846,-23.7338],[-46.0774,-23.7326],[-46.075,-23.7311],[-46.0731,-23.7312],[-46.0705,-23.7299],[-46.0677,-23.729],[-46.0655,-23.7259],[-46.0661,-23.7236],[-46.0634,-23.7209],[-46.059,-23.7185],[-46.0576,-23.7164],[-46.0565,-23.716],[-46.0541,-23.7163],[-46.0498,-23.7182],[-46.045,-23.7198],[-46.0416,-23.72],[-46.0372,-23.721],[-46.0337,-23.7208],[-46.0309,-23.7201],[-46.0281,-23.7189],[-46.0266,-23.7176],[-46.0261,-23.7158],[-46.0224,-23.7153],[-46.0201,-23.7157],[-46.0167,-23.7148],[-46.0135,-23.712],[-46.0105,-23.7105],[-46.0082,-23.7086],[-46.0042,-23.7081],[-46.0021,-23.7072],[-45.9988,-23.7052],[-45.9969,-23.7045],[-45.9945,-23.7047],[-45.993,-23.7058],[-45.992,-23.7055],[-45.9907,-23.7027],[-45.9891,-23.7017],[-45.9876,-23.6999],[-45.9854,-23.6982],[-45.9815,-23.6966],[-45.9784,-23.6957],[-45.9765,-23.694],[-45.9749,-23.694],[-45.9713,-23.6947],[-45.9706,-23.6964],[-45.9695,-23.6969],[-45.9657,-23.6969],[-45.9595,-23.6948],[-45.9576,-23.6949],[-45.9548,-23.6942],[-45.9541,-23.6956],[-45.9559,-23.6968],[-45.9569,-23.6998],[-45.9566,-23.7006],[-45.9548,-23.7006],[-45.9524,-23.6996],[-45.9511,-23.7],[-45.9513,-23.7017],[-45.9505,-23.7023],[-45.9452,-23.7008],[-45.9434,-23.7009],[-45.9412,-23.7001],[-45.9405,-23.7013],[-45.9384,-23.7014],[-45.9377,-23.7006],[-45.9361,-23.7012],[-45.9313,-23.6981],[-45.9293,-23.6955],[-45.9279,-23.6952],[-45.926,-23.6937],[-45.9243,-23.6899],[-45.9227,-23.6892],[-45.9213,-23.6893],[-45.9198,-23.6884],[-45.9201,-23.6868],[-45.9221,-23.686],[-45.923,-23.685],[-45.9244,-23.6813],[-45.923,-23.6803],[-45.9188,-23.6783],[-45.9181,-23.6773],[-45.918,-23.6745],[-45.917,-23.6731],[-45.9175,-23.6703],[-45.9172,-23.6686],[-45.916,-23.668],[-45.9161,-23.6669],[-45.9168,-23.6654],[-45.918,-23.6653],[-45.9196,-23.6641],[-45.9207,-23.6642],[-45.921,-23.6593],[-45.9224,-23.658],[-45.9217,-23.6558],[-45.9238,-23.6555],[-45.9245,-23.6569],[-45.9272,-23.6569],[-45.9295,-23.6582],[-45.9299,-23.6599],[-45.9322,-23.6596],[-45.9342,-23.6604],[-45.9355,-23.6583],[-45.9378,-23.6585],[-45.9382,-23.6575],[-45.9364,-23.6555],[-45.9363,-23.6542],[-45.9382,-23.6536],[-45.9392,-23.6522],[-45.9384,-23.651],[-45.9359,-23.6512],[-45.9333,-23.6523],[-45.9321,-23.6514],[-45.934,-23.6493],[-45.9339,-23.6477],[-45.9359,-23.6473],[-45.937,-23.6462],[-45.9364,-23.6439],[-45.9355,-23.6429],[-45.9322,-23.6433],[-45.9327,-23.6413],[-45.9288,-23.6397],[-45.9284,-23.6375],[-45.9305,-23.637],[-45.9328,-23.6357],[-45.932,-23.6336],[-45.933,-23.6328],[-45.9347,-23.635],[-45.9363,-23.6355],[-45.9378,-23.6349],[-45.9381,-23.6337],[-45.9394,-23.6323],[-45.9436,-23.6342],[-45.9445,-23.6341],[-45.9474,-23.6357],[-45.9484,-23.6339],[-45.9523,-23.6341],[-45.955,-23.6348],[-45.9596,-23.634],[-45.9569,-23.6319],[-45.9542,-23.6303],[-45.953,-23.629],[-45.9514,-23.6282],[-45.9484,-23.6255],[-45.9457,-23.6225],[-45.939,-23.617],[-45.934,-23.6135],[-45.9317,-23.6113],[-45.9303,-23.6091],[-45.9289,-23.6036],[-45.9293,-23.5985],[-45.9304,-23.594],[-45.9316,-23.5915],[-45.9338,-23.5883],[-45.9357,-23.5862],[-45.9404,-23.5834],[-45.945,-23.5816],[-45.9475,-23.581],[-45.9498,-23.581],[-45.9567,-23.5805],[-45.9623,-23.5808],[-45.9637,-23.5812],[-45.9652,-23.5808],[-45.9651,-23.5536],[-45.9682,-23.5494],[-45.9689,-23.5477],[-45.968,-23.5458],[-45.9659,-23.5452],[-45.9653,-23.5437],[-45.9668,-23.5428],[-45.9682,-23.543],[-45.9687,-23.542],[-45.968,-23.5406],[-45.9698,-23.5389],[-45.9728,-23.5392],[-45.976,-23.5401],[-45.9782,-23.5415],[-45.9804,-23.5417],[-45.9832,-23.5407],[-45.9868,-23.539],[-45.987,-23.5376],[-45.9842,-23.5352],[-45.983,-23.5337],[-45.9815,-23.5329],[-45.982,-23.531],[-45.9812,-23.5294],[-45.9846,-23.5288],[-45.9858,-23.5276],[-45.9853,-23.5252],[-45.9868,-23.5236],[-45.9903,-23.5225],[-45.9911,-23.5209],[-45.9927,-23.5199],[-45.995,-23.5209],[-45.9975,-23.5191],[-45.9989,-23.5196],[-46.0001,-23.5215],[-46.0034,-23.524],[-46.005,-23.5248],[-46.0062,-23.5262],[-46.0064,-23.5278],[-46.0114,-23.5287],[-46.0127,-23.528],[-46.0134,-23.5294],[-46.015,-23.5298],[-46.0185,-23.529],[-46.0212,-23.5312],[-46.0229,-23.5313],[-46.0247,-23.5297],[-46.0264,-23.5301],[-46.028,-23.5271],[-46.0309,-23.5257],[-46.0344,-23.5255],[-46.0361,-23.5283],[-46.0357,-23.5322],[-46.0388,-23.5358],[-46.0401,-23.5365],[-46.0409,-23.5381],[-46.0436,-23.5385],[-46.0515,-23.5392],[-46.0528,-23.5411],[-46.0566,-23.5422],[-46.0599,-23.541],[-46.0611,-23.5401],[-46.0646,-23.5396],[-46.0672,-23.5387],[-46.0691,-23.5375],[-46.0715,-23.5372],[-46.073,-23.5356],[-46.0753,-23.5346],[-46.0763,-23.5327],[-46.0754,-23.5309],[-46.0756,-23.5278],[-46.074,-23.5267],[-46.0737,-23.5255],[-46.0718,-23.5247],[-46.0714,-23.5232],[-46.0719,-23.5224],[-46.0745,-23.5214],[-46.0751,-23.5205],[-46.0754,-23.5181],[-46.0772,-23.5172],[-46.0778,-23.5162],[-46.077,-23.5147],[-46.0792,-23.5136],[-46.0848,-23.5132],[-46.0858,-23.512],[-46.086,-23.51],[-46.0881,-23.508],[-46.0899,-23.5081],[-46.0942,-23.5106],[-46.0957,-23.5097],[-46.0978,-23.5097],[-46.0979,-23.5073],[-46.0999,-23.5078],[-46.1014,-23.5073],[-46.1036,-23.5077],[-46.1033,-23.5116],[-46.1049,-23.5124],[-46.1076,-23.5112],[-46.1072,-23.5126],[-46.1051,-23.5146],[-46.1027,-23.519],[-46.1,-23.5214],[-46.0996,-23.5241],[-46.1,-23.525],[-46.1019,-23.527],[-46.1033,-23.5276],[-46.1064,-23.53],[-46.108,-23.5309],[-46.1089,-23.5327],[-46.1104,-23.5346],[-46.111,-23.536],[-46.1121,-23.5408],[-46.1094,-23.5448],[-46.1088,-23.5448],[-46.1085,-23.5474],[-46.11,-23.5483],[-46.1088,-23.551],[-46.111,-23.5525],[-46.11,-23.5535],[-46.1087,-23.5533],[-46.1079,-23.5549],[-46.1065,-23.5554],[-46.1041,-23.5549],[-46.1023,-23.5556],[-46.1012,-23.5572],[-46.101,-23.5585],[-46.0999,-23.559],[-46.0998,-23.5603],[-46.0977,-23.5617],[-46.0957,-23.5617],[-46.0945,-23.5623],[-46.0926,-23.5665],[-46.0898,-23.5695],[-46.0889,-23.5741],[-46.088,-23.5754],[-46.0879,-23.5776],[-46.0887,-23.5807],[-46.0904,-23.5822],[-46.0905,-23.5844],[-46.0901,-23.586],[-46.0903,-23.5886],[-46.0897,-23.5895],[-46.0913,-23.593],[-46.0899,-23.594],[-46.0905,-23.5953],[-46.0889,-23.5982],[-46.0887,-23.6018],[-46.0876,-23.6026],[-46.0883,-23.6064],[-46.0878,-23.6073],[-46.0891,-23.6087],[-46.0884,-23.6111],[-46.0883,-23.6132],[-46.0906,-23.6169],[-46.0907,-23.6178],[-46.0934,-23.6208],[-46.0946,-23.6226],[-46.0938,-23.6235],[-46.0946,-23.625],[-46.0924,-23.6285],[-46.0927,-23.6295],[-46.0915,-23.6319],[-46.0906,-23.6325],[-46.0905,-23.6339],[-46.0895,-23.6349],[-46.0884,-23.6386],[-46.0889,-23.6409],[-46.0904,-23.6415],[-46.0907,-23.6444],[-46.0918,-23.6457],[-46.0922,-23.6482],[-46.0934,-23.6488],[-46.0956,-23.6512],[-46.0979,-23.6522],[-46.0986,-23.6543],[-46.0976,-23.6583],[-46.0983,-23.659],[-46.0978,-23.6609],[-46.1006,-23.662],[-46.1016,-23.6641],[-46.1031,-23.666],[-46.1015,-23.6666],[-46.097,-23.6675],[-46.0945,-23.6663],[-46.0903,-23.6651],[-46.0887,-23.6659],[-46.0846,-23.6643],[-46.0827,-23.6647],[-46.0817,-23.667],[-46.0817,-23.6705],[-46.082,-23.6726],[-46.0817,-23.6741],[-46.0826,-23.6754],[-46.0822,-23.68],[-46.0833,-23.6817],[-46.0827,-23.683],[-46.0837,-23.6836],[-46.0841,-23.6855],[-46.0849,-23.686],[-46.0867,-23.6887],[-46.0865,-23.6893],[-46.0882,-23.6923],[-46.0884,-23.6934],[-46.0898,-23.695],[-46.0899,-23.6971],[-46.0921,-23.7],[-46.0932,-23.7049],[-46.098,-23.711],[-46.0993,-23.7135],[-46.0993,-23.7167],[-46.1009,-23.7184]]]}},{"type":"Feature","id":"3509007","properties":{"ibge_code":"3509007","name":"Caieiras","state_code":"SP"},"geometry":{"type":"Polygon","coordinates":[[[-46.823,-23.401],[-46.822,-23.4015],[-46.82,-23.4013],[-46.8199,-23.4002],[-46.8173,-23.3994],[-46.815,-23.4001],[-46.8131,-23.3999],[-46.8123,-23.3988],[-46.8102,-23.3997],[-46.8075,-23.3993],[-46.8075,-23.3982],[-46.8058,-23.3969],[-46.8029,-23.3966],[-46.8014,-23.3956],[-46.8006,-23.3971],[-46.7987,-23.399],[-46.7987,-23.4002],[-46.8006,-23.4014],[-46.7989,-23.4021],[-46.7973,-23.4016],[-46.7937,-23.3996],[-46.7926,-23.3999],[-46.7911,-23.4025],[-46.7897,-23.4023],[-46.7888,-23.4038],[-46.7879,-23.4037],[-46.786,-23.405],[-46.7849,-23.404],[-46.7832,-23.4041],[-46.7826,-23.4034],[-46.7841,-23.3997],[-46.7834,-23.3987],[-46.782,-23.3989],[-46.7809,-23.3981],[-46.7773,-23.3989],[-46.7772,-23.398],[-46.7755,-23.3968],[-46.7741,-23.3971],[-46.7708,-23.3972],[-46.7709,-23.3953],[-46.77,-23.3923],[-46.7705,-23.3914],[-46.7702,-23.3887],[-46.7681,-23.3877],[-46.7672,-23.3867],[-46.7656,-23.3864],[-46.7641,-23.3849],[-46.7634,-23.3861],[-46.7613,-23.3871],[-46.7605,-23.386],[-46.7569,-23.3866],[-46.7541,-23.3877],[-46.7535,-23.3893],[-46.7511,-23.3901],[-46.75,-23.3893],[-46.7463,-23.3896],[-46.7428,-23.3893],[-46.7418,-23.3896],[-46.7371,-23.3889],[-46.7355,-23.3881],[-46.7336,-23.3909],[-46.7305,-23.3939],[-46.727,-23.3949],[-46.7251,-23.3948],[-46.7217,-23.3963],[-46.7203,-23.3975],[-46.7196,-23.3993],[-46.7203,-23.4015],[-46.7199,-23.4037],[-46.7179,-23.4061],[-46.7157,-23.4074],[-46.714,-23.4073],[-46.7106,-23.4065],[-46.71,-23.4074],[-46.7093,-23.4106],[-46.7093,-23.4144],[-46.7085,-23.4165],[-46.7073,-23.4165],[-46.7023,-23.4175],[-46.7001,-23.4173],[-46.6999,-23.4188],[-46.7004,-23.4225],[-46.699,-23.4239],[-46.6967,-23.4243],[-46.6952,-23.4242],[-46.6929,-23.4228],[-46.6916,-23.4231],[-46.6885,-23.426],[-46.6866,-23.427],[-46.6854,-23.4255],[-46.6854,-23.4235],[-46.6847,-23.4193],[-46.6823,-23.4177],[-46.6799,-23.4169],[-46.6778,-23.4156],[-46.676,-23.4159],[-46.6725,-23.4192],[-46.6698,-23.4186],[-46.6692,-23.4153],[-46.6666,-23.4129],[-46.6653,-23.4097],[-46.6645,-23.4084],[-46.6643,-23.4069],[-46.661,-23.4034],[-46.6593,-23.4004],[-46.6584,-23.3984],[-46.6566,-23.3966],[-46.655,-23.3955],[-46.6554,-23.3943],[-46.6569,-23.3941],[-46.6575,-23.3928],[-46.6562,-23.3913],[-46.6589,-23.3902],[-46.6592,-23.3893],[-46.6581,-23.3876],[-46.6557,-23.3865],[-46.6563,-23.3845],[-46.6585,-23.3841],[-46.6605,-23.382],[-46.6595,-23.3812],[-46.6596,-23.3779],[-46.6602,-23.377],[-46.6606,-23.3748],[-46.664,-23.376],[-46.6664,-23.375],[-46.6677,-23.3737],[-46.6674,-23.37],[-46.6689,-23.3671],[-46.6696,-23.3633],[-46.6702,-23.3631],[-46.6719,-23.3649],[-46.6744,-23.3654],[-46.6771,-23.3667],[-46.6802,-23.3673],[-46.6816,-23.368],[-46.6829,-23.3675],[-46.6851,-23.3652],[-46.6886,-23.3683],[-46.6905,-23.3682],[-46.6918,-23.3672],[-46.694,-23.3647],[-46.6967,-23.3626],[-46.6992,-23.3616],[-46.7007,-23.3631],[-46.7041,-23.3633],[-46.7065,-23.3632],[-46.7073,-23.3615],[-46.7087,-23.3599],[-46.7114,-23.3586],[-46.716,-23.3554],[-46.7182,-23.3562],[-46.7205,-23.3558],[-46.7222,-23.3569],[-46.7263,-23.3571],[-46.7309,-23.3562],[-46.7374,-23.3556],[-46.7411,-23.3545],[-46.7434,-23.3547],[-46.7436,-23.3533],[-46.7413,-23.352],[-46.7406,-23.351],[-46.7417,-23.3485],[-46.7421,-23.3445],[-46.7418,-23.3413],[-46.7431,-23.3382],[-46.745,-23.3367],[-46.7455,-23.3348],[-46.7465,-23.3337],[-46.7467,-23.3323],[-46.7483,-23.3314],[-46.7483,-23.3304],[-46.7501,-23.3296],[-46.7504,-23.3276],[-46.7521,-23.3265],[-46.7543,-23.3269],[-46.7564,-23.328],[-46.7576,-23.3305],[-46.76,-23.3315],[-46.7618,-23.3329],[-46.7639,-23.3336],[-46.7653,-23.3345],[-46.7692,-23.3352],[-46.7707,-23.3347],[-46.774,-23.3348],[-46.7779,-23.3367],[-46.7788,-23.3378],[-46.7791,-23.3417],[-46.7787,-23.3447],[-46.7799,-23.3464],[-46.7811,-23.349],[-46.7826,-23.3492],[-46.7845,-23.3481],[-46.786,-23.3462],[-46.7875,-23.3462],[-46.7878,-23.3441],[-46.7901,-23.3438],[-46.7917,-23.3443],[-46.7924,-23.3457],[-46.7943,-23.3457],[-46.7955,-23.3449],[-46.7993,-23.3446],[-46.8005,-23.3442],[-46.8011,-23.3414],[-46.803,-23.3407],[-46.8049,-23.3389],[-46.8074,-23.3386],[-46.8093,-23.337],[-46.8115,-23.3362],[-46.8141,-23.3376],[-46.8186,-23.3372],[-46.8209,-23.3346],[-46.8213,-23.3326],[-46.8237,-23.331],[-46.823,-23.401]]]}},{"type":"Feature","id":"3509205","properties":{"ibge_code":"3509205","name":"Cajamar","state_code":"SP"},"geometry":{"type":"Polygon","coordinates":[[[-46.9288,-23.3875],[-46.9282,-23.3896],[-46.9239,-23.3889],[-46.9222,-23.3898],[-46.9189,-23.3902],[-46.9168,-23.3894],[-46.9141,-23.3868],[-46.9128,-23.3897],[-46.9149,-23.391],[-46.9145,-23.3925],[-46.9123,-23.3924],[-46.9119,-23.3933],[-46.9096,-23.3958],[-46.9083,-23.3949],[-46.9057,-23.3958],[-46.9056,-23.3972],[-46.9042,-23.3981],[-46.9018,-23.3985],[-46.9012,-23.3996],[-46.8991,-23.3998],[-46.8974,-23.3994],[-46.8949,-23.4],[-46.8908,-23.3985],[-46.8867,-23.3995],[-46.8869,-23.3986],[-46.8858,-23.3976],[-46.8863,-23.3962],[-46.885,-23.3953],[-46.8842,-23.3958],[-46.8819,-23.3959],[-46.8798,-23.3974],[-46.8787,-23.3968],[-46.8775,-23.398],[-46.8759,-23.3988],[-46.8735,-23.3993],[-46.8723,-23.4013],[-46.8705,-23.4009],[-46.8698,-23.4032],[-46.8673,-23.4052],[-46.8685,-23.4062],[-46.8691,-23.4081],[-46.8689,-23.4092],[-46.8697,-23.4111],[-46.8679,-23.4117],[-46.868,-23.4138],[-46.8693,-23.415],[-46.8654,-23.4165],[-46.8642,-23.4185],[-46.8628,-23.4195],[-46.8593,-23.4187],[-46.8564,-23.4191],[-46.8531,-23.4216],[-46.8482,-23.4211],[-46.8465,-23.4214],[-46.8423,-23.4212],[-46.8416,-23.4228],[-46.8406,-23.4229],[-46.8398,-23.4244],[-46.8381,-23.4258],[-46.836,-23.4258],[-46.8347,-23.4273],[-46.8339,-23.4291],[-46.8318,-23.4303],[-46.8304,-23.4297],[-46.8304,-23.428],[-46.8295,-23.4244],[-46.8277,-23.424],[-46.8266,-23.4231],[-46.8233,-23.4224],[-46.8223,-23.4205],[-46.8203,-23.42],[-46.8197,-23.4179],[-46.8204,-23.4153],[-46.8217,-23.414],[-46.8222,-23.4122],[-46.8246,-23.411],[-46.8262,-23.4089],[-46.8245,-23.4073],[-46.8242,-23.4062],[-46.8255,-23.4044],[-46.823,-23.401],[-46.8237,-23.331],[-46.8239,-23.3266],[-46.8254,-23.3245],[-46.8247,-23.3209],[-46.8258,-23.3203],[-46.8245,-23.3175],[-46.8225,-23.3163],[-46.8217,-23.3141],[-46.8225,-23.3129],[-46.825,-23.3122],[-46.8267,-23.3108],[-46.8287,-23.3099],[-46.833,-23.3104],[-46.8359,-23.3079],[-46.8354,-23.3068],[-46.8363,-23.3056],[-46.8394,-23.3037],[-46.8408,-23.3023],[-46.8421,-23.2975],[-46.842,-23.2955],[-46.8427,-23.2938],[-46.8428,-23.292],[-46.8412,-23.2911],[-46.8383,-23.2885],[-46.8381,-23.2878],[-46.8399,-23.2868],[-46.8421,-23.2837],[-46.8444,-23.282],[-46.8464,-23.2824],[-46.8469,-23.2845],[-46.849,-23.2856],[-46.8506,-23.2853],[-46.8517,-23.2844],[-46.8528,-23.2845],[-46.8565,-23.283],[-46.8602,-23.2822],[-46.8617,-23.2811],[-46.8622,-23.2789],[-46.8631,-23.2786],[-46.8645,-23.2796],[-46.8662,-23.2791],[-46.8675,-23.2779],[-46.8692,-23.2797],[-46.8693,-23.2816],[-46.8705,-23.2826],[-46.8726,-23.2822],[-46.8758,-23.2837],[-46.8776,-23.287],[-46.8778,-23.2881],[-46.8768,-23.2902],[-46.8781,-23.2912],[-46.8816,-23.2891],[-46.8847,-23.2901],[-46.8861,-23.291],[-46.886,-23.2923],[-46.8871,-23.2937],[-46.887,-23.2962],[-46.8896,-23.2984],[-46.8904,-23.3001],[-46.8954,-23.3018],[-46.8971,-23.3043],[-46.8988,-23.3051],[-46.9006,-23.3051],[-46.9016,-23.3061],[-46.9019,-23.3076],[-46.9035,-23.3076],[-46.9044,-23.3084],[-46.9081,-23.309],[-46.9092,-23.3083],[-46.913,-23.3091],[-46.9154,-23.3083],[-46.9171,-23.3091],[-46.9179,-23.3106],[-46.9189,-23.3105],[-46.9211,-23.3082],[-46.9228,-23.3081],[-46.9236,-23.309],[-46.9266,-23.3109],[-46.9283,-23.3116],[-46.9309,-23.3117],[-46.9321,-23.3141],[-46.933,-23.3147],[-46.9336,-23.3171],[-46.9348,-23.317],[-46.9361,-23.3182],[-46.9379,-23.3219],[-46.9383,-23.3451],[-46.9385,-23.3479],[-46.9403,-23.3504],[-46.9409,-23.3519],[-46.9403,-23.3544],[-46.9378,-23.3578],[-46.9373,-23.359],[-46.9351,-23.3603],[-46.9346,-23.3611],[-46.9352,-23.3631],[-46.9339,-23.3647],[-46.9328,-23.3633],[-46.931,-23.362],[-46.9296,-23.3616],[-46.929,-23.3577],[-46.9275,-23.3562],[-46.9244,-23.3561],[-46.9226,-23.3569],[-46.9205,-23.3569],[-46.9173,-23.3563],[-46.9132,-23.3535],[-46.9116,-23.353],[-46.9098,-23.3542],[-46.9092,-23.3557],[-46.9054,-23.3567],[-46.9041,-23.3581],[-46.9029,-23.3585],[-46.9023,-23.3603],[-46.9032,-23.3623],[-46.9025,-23.3631],[-46.9028,-23.3645],[-46.9023,-23.3664],[-46.9049,-23.3674],[-46.9054,-23.3689],[-46.9071,-23.37],[-46.9095,-23.3688],[-46.9106,-23.3693],[-46.9115,-23.3714],[-46.9132,-23.3727],[-46.9146,-23.373],[-46.9167,-23.3748],[-46.918,-23.3751],[-46.9208,-23.3769],[-46.9234,-23.3768],[-46.9275,-23.3764],[-46.9294,-23.3784],[-46.9319,-23.3791],[-46.9309,-23.3831],[-46.9291,-23.3853],[-46.9288,-23.3875]]]}},{"type":"Feature","id":"3510609","properties":{"ibge_code":"3510609","name":"Carapicuíba","state_code":"SP"},"geometry":{"type":"Polygon","coordinates":[[[-46.876,-23.5653],[-46.8768,-23.5662],[-46.8758,-23.5692],[-46.873,-23.5698],[-46.8708,-23.5729],[-46.8687,-23.5724],[-46.8675,-23.5731],[-46.8677,-23.5759],[-46.866,-23.5762],[-46.8649,-23.5778],[-46.8621,-23.5778],[-46.8591,-23.58],[-46.8572,-23.5804],[-46.8562,-23.5816],[-46.8545,-23.5818],[-46.853,-23.5827],[-46.8513,-23.5817],[-46.849,-23.5817],[-46.8478,-23.5828],[-46.8454,-23.5822],[-46.8439,-23.5827],[-46.8431,-23.5816],[-46.8438,-23.5784],[-46.8432,-23.5772],[-46.8392,-23.5775],[-46.8346,-23.5767],[-46.8316,-23.5789],[-46.8305,-23.5809],[-46.829,-23.5816],[-46.8266,-23.582],[-46.8248,-23.5839],[-46.8204,-23.584],[-46.8178,-23.5827],[-46.8173,-23.5819],[-46.818,-23.5808],[-46.8173,-23.5787],[-46.8156,-23.5765],[-46.8151,-23.5745],[-46.8154,-23.5732],[-46.8146,-23.5717],[-46.8144,-23.5694],[-46.8165,-23.5681],[-46.8181,-23.5657],[-46.8178,-23.5623],[-46.8206,-23.5588],[-46.82,-23.5571],[-46.82,-23.554],[-46.8208,-23.5528],[-46.821,-23.5507],[-46.8218,-23.5489],[-46.8206,-23.5466],[-46.8213,-23.5452],[-46.8205,-23.5435],[-46.8178,-23.5418],[-46.8173,-23.5393],[-46.8174,-23.5338],[-46.8173,-23.5304],[-46.8165,-23.5284],[-46.8165,-23.525],[-46.8175,-23.5234],[-46.8174,-23.5207],[-46.8201,-23.5219],[-46.8223,-23.521],[-46.8235,-23.5186],[-46.8282,-23.5172],[-46.8322,-23.514],[-46.8323,-23.5125],[-46.835,-23.511],[-46.8385,-23.5106],[-46.8413,-23.5139],[-46.8445,-23.5156],[-46.847,-23.5162],[-46.8544,-23.5166],[-46.8562,-23.5184],[-46.857,-23.52],[-46.8589,-23.5209],[-46.8602,-23.5226],[-46.8615,-23.522],[-46.8624,-23.523],[-46.8624,-23.5253],[-46.8605,-23.5262],[-46.8601,-23.5289],[-46.8625,-23.5305],[-46.8609,-23.5332],[-46.8619,-23.5346],[-46.8608,-23.5372],[-46.8618,-23.5373],[-46.8626,-23.54],[-46.8619,-23.5401],[-46.8622,-23.5428],[-46.862,-23.5448],[-46.8606,-23.5448],[-46.8617,-23.5463],[-46.8608,-23.5503],[-46.8612,-23.5516],[-46.8626,-23.5525],[-46.8636,-23.5547],[-46.8663,-23.554],[-46.8669,-23.5551],[-46.8694,-23.5541],[-46.8724,-23.5543],[-46.8721,-23.5563],[-46.8725,-23.5586],[-46.8709,-23.5608],[-46.8715,-23.5615],[-46.8753,-23.561],[-46.876,-23.5653]]]}},{"type":"Feature","id":"3513009","properties":{"ibge_code":"3513009","name":"Cotia","state_code":"SP"},"geometry":{"type":"Polygon","coordinates":[[[-46.8875,-23.6678],[-46.8896,-23.6672],[-46.8921,-23.6681],[-46.8933,-23.6695],[-46.8984,-23.6688],[-46.9016,-23.6693],[-46.9026,-23.6675],[-46.9026,-23.6658],[-46.9034,-23.6648],[-46.9052,-23.6644],[-46.9071,-23.6646],[-46.9115,-23.6632],[-46.9131,-23.6619],[-46.9145,-23.6622],[-46.9157,-23.6603],[-46.9177,-23.6599],[-46.9183,-23.6568],[-46.917,-23.6543],[-46.9151,-23.6526],[-46.9157,-23.6499],[-46.9134,-23.6467],[-46.912,-23.6454],[-46.9097,-23.6442],[-46.9086,-23.6415],[-46.9093,-23.6395],[-46.9089,-23.6377],[-46.9081,-23.6363],[-46.907,-23.6328],[-46.9079,-23.6308],[-46.9059,-23.6303],[-46.9047,-23.6309],[-46.9021,-23.6303],[-46.9006,-23.6281],[-46.8968,-23.6288],[-46.8957,-23.6285],[-46.8941,-23.6268],[-46.8918,-23.6257],[-46.8895,-23.6253],[-46.8878,-23.6245],[-46.886,-23.6221],[-46.8856,-23.6199],[-46.881,-23.6192],[-46.8798,-23.6193],[-46.8778,-23.6214],[-46.8738,-23.6216],[-46.8716,-23.6223],[-46.8695,-23.6239],[-46.868,-23.6203],[-46.8668,-23.6194],[-46.8647,-23.6169],[-46.8629,-23.6155],[-46.8607,-23.6145],[-46.8581,-23.6124],[-46.8564,-23.6127],[-46.8559,-23.6136],[-46.8549,-23.618],[-46.8541,-23.6198],[-46.8504,-23.6193],[-46.8488,-23.6195],[-46.8464,-23.6209],[-46.8458,-23.6226],[-46.8441,-23.6231],[-46.8406,-23.6252],[-46.8396,-23.6273],[-46.8368,-23.6264],[-46.8339,-23.6238],[-46.8297,-23.6228],[-46.8265,-23.6207],[-46.8226,-23.6191],[-46.8216,-23.6181],[-46.82,-23.6149],[-46.8187,-23.6134],[-46.8156,-23.6126],[-46.8145,-23.6112],[-46.8102,-23.6101],[-46.8092,-23.6091],[-46.8078,-23.6091],[-46.8107,-23.6048],[-46.8128,-23.6047],[-46.8164,-23.6028],[-46.818,-23.6002],[-46.8176,-23.5989],[-46.8146,-23.5955],[-46.8133,-23.5935],[-46.8135,-23.591],[-46.8132,-23.5893],[-46.8167,-23.5878],[-46.8163,-23.5852],[-46.8166,-23.5831],[-46.8173,-23.5819],[-46.8178,-23.5827],[-46.8204,-23.584],[-46.8248,-23.5839],[-46.8266,-23.582],[-46.829,-23.5816],[-46.8305,-23.5809],[-46.8316,-23.5789],[-46.8346,-23.5767],[-46.8392,-23.5775],[-46.8432,-23.5772],[-46.8438,-23.5784],[-46.8431,-23.5816],[-46.8439,-23.5827],[-46.8454,-23.5822],[-46.8478,-23.5828],[-46.849,-23.5817],[-46.8513,-23.5817],[-46.853,-23.5827],[-46.8545,-23.5818],[-46.8562,-23.5816],[-46.8572,-23.5804],[-46.8591,-23.58],[-46.8621,-23.5778],[-46.8649,-23.5778],[-46.866,-23.5762],[-46.8677,-23.5759],[-46.8675,-23.5731],[-46.8687,-23.5724],[-46.8708,-23.5729],[-46.873,-23.5698],[-46.8758,-23.5692],[-46.8768,-23.5662],[-46.876,-23.5653],[-46.8805,-23.5668],[-46.8842,-23.5691],[-46.8865,-23.5694],[-46.8895,-23.5676],[-46.8912,-23.5675],[-46.8947,-23.5684],[-46.8994,-23.5687],[-46.9025,-23.5686],[-46.9071,-23.5675],[-46.9091,-23.5661],[-46.9111,-23.5631],[-46.9131,-23.5637],[-46.9166,-23.5643],[-46.9187,-23.5654],[-46.9219,-23.564],[-46.9253,-23.5645],[-46.9291,-23.5634],[-46.9293,-23.5656],[-46.9325,-23.5675],[-46.9339,-23.5689],[-46.9355,-23.5692],[-46.9398,-23.5709],[-46.9405,-23.5717],[-46.9407,-23.5736],[-46.9402,-23.5753],[-46.9452,-23.5789],[-46.9469,-23.5807],[-46.9481,-23.5851],[-46.9488,-23.5862],[-46.9509,-23.5865],[-46.9521,-23.5877],[-46.9557,-23.5896],[-46.9568,-23.5907],[-46.9577,-23.5936],[-46.9575,-23.597],[-46.9587,-23.5995],[-46.9617,-23.6025],[-46.9651,-23.6013],[-46.9706,-23.6018],[-46.9717,-23.6022],[-46.9732,-23.6037],[-46.9743,-23.6037],[-46.9771,-23.6017],[-46.9815,-23.6022],[-46.9826,-23.6026],[-46.9839,-23.6045],[-46.9836,-23.6057],[-46.9872,-23.6086],[-46.9901,-23.609],[-46.9907,-23.6098],[-46.9884,-23.6119],[-46.988,-23.6155],[-46.9893,-23.6176],[-46.9881,-23.6221],[-46.9885,-23.6248],[-46.9874,-23.6276],[-46.9884,-23.6286],[-46.9884,-23.6306],[-46.9874,-23.6334],[-46.9889,-23.6345],[-46.9897,-23.6376],[-46.9897,-23.6403],[-46.9918,-23.644],[-46.9921,-23.6456],[-46.9915,-23.6479],[-46.9882,-23.6517],[-46.9864,-23.6531],[-46.9857,-23.6543],[-46.9868,-23.6561],[-46.9865,-23.6584],[-46.9887,-23.6591],[-46.9891,-23.6614],[-46.988,-23.6648],[-46.9882,-23.6653],[-46.9921,-23.6667],[-46.994,-23.6703],[-46.9957,-23.6703],[-46.9965,-23.6683],[-46.9961,-23.6638],[-46.9963,-23.6617],[-46.999,-23.6618],[-47.0003,-23.6611],[-47.0043,-23.6623],[-47.0057,-23.6608],[-47.0087,-23.6588],[-47.0092,-23.6578],[-47.012,-23.656],[-47.014,-23.656],[-47.015,-23.6571],[-47.0174,-23.6567],[-47.0185,-23.6545],[-47.0198,-23.6542],[-47.0216,-23.6496],[-47.0216,-23.6476],[-47.0228,-23.6449],[-47.0257,-23.6433],[-47.0291,-23.6442],[-47.0337,-23.6435],[-47.0357,-23.6424],[-47.0365,-23.6402],[-47.0401,-23.6381],[-47.042,-23.6377],[-47.0435,-23.6365],[-47.0442,-23.634],[-47.0441,-23.6328],[-47.0451,-23.6315],[-47.0474,-23.6309],[-47.0487,-23.6311],[-47.0508,-23.6304],[-47.0524,-23.6307],[-47.053,-23.6294],[-47.0559,-23.6284],[-47.059,-23.6283],[-47.0598,-23.6293],[-47.0591,-23.6303],[-47.0581,-23.6357],[-47.0593,-23.6377],[-47.059,-23.6397],[-47.0601,-23.6401],[-47.0602,-23.6417],[-47.0629,-23.6446],[-47.0665,-23.646],[-47.0691,-23.6464],[-47.0722,-23.6456],[-47.0744,-23.65],[-47.0734,-23.6515],[-47.0761,-23.6533],[-47.0783,-23.6529],[-47.0791,-23.6539],[-47.0815,-23.6532],[-47.0812,-23.6542],[-47.0833,-23.658],[-47.0819,-23.6606],[-47.0833,-23.6619],[-47.082,-23.6642],[-47.0823,-23.6651],[-47.0839,-23.6659],[-47.0847,-23.667],[-47.0835,-23.668],[-47.083,-23.6698],[-47.0819,-23.671],[-47.0788,-23.6725],[-47.0774,-23.6728],[-47.0764,-23.6738],[-47.0765,-23.675],[-47.078,-23.6763],[-47.0765,-23.6785],[-47.0761,-23.6807],[-47.071,-23.6809],[-47.0697,-23.6803],[-47.0682,-23.6813],[-47.0655,-23.6819],[-47.0634,-23.6814],[-47.0622,-23.6825],[-47.063,-23.6891],[-47.0627,-23.6905],[-47.0616,-23.692],[-47.0618,-23.6944],[-47.0611,-23.6971],[-47.06,-23.6993],[-47.0596,-23.7029],[-47.0614,-23.7039],[-47.0623,-23.709],[-47.0603,-23.7098],[-47.0603,-23.7109],[-47.0586,-23.7116],[-47.0577,-23.7127],[-47.058,-23.7146],[-47.0562,-23.7172],[-47.0563,-23.7187],[-47.0548,-23.7197],[-47.0526,-23.7204],[-47.0532,-23.7213],[-47.0513,-23.7241],[-47.0511,-23.7277],[-47.0493,-23.7299],[-47.0498,-23.7311],[-47.0472,-23.7351],[-47.0448,-23.736],[-47.0441,-23.7368],[-47.0409,-23.7368],[-47.0395,-23.7351],[-47.0364,-23.7357],[-47.0344,-23.7356],[-47.0333,-23.7375],[-47.0336,-23.74],[-47.0323,-23.741],[-47.0323,-23.7434],[-47.033,-23.7441],[-47.0329,-23.746],[-47.0345,-23.7479],[-47.0361,-23.7484],[-47.0351,-23.7506],[-47.0365,-23.7523],[-47.0363,-23.7536],[-47.0345,-23.7559],[-47.0347,-23.7577],[-47.0332,-23.7575],[-47.0326,-23.7564],[-47.0314,-23.7571],[-47.0288,-23.7572],[-47.0296,-23.7599],[-47.0288,-23.7616],[-47.0304,-23.7631],[-47.0328,-23.7641],[-47.0324,-23.7657],[-47.0332,-23.7676],[-47.0322,-23.7678],[-47.0319,-23.7695],[-47.0266,-23.7714],[-47.025,-23.7731],[-47.0252,-23.7743],[-47.0233,-23.7749],[-47.0229,-23.7759],[-47.0236,-23.7797],[-47.0218,-23.7824],[-47.021,-23.7855],[-47.0189,-23.7875],[-47.0193,-23.7885],[-47.0158,-23.79],[-47.0149,-23.7917],[-47.0132,-23.7923],[-47.0099,-23.7913],[-47.0086,-23.7918],[-47.0069,-23.7936],[-47.0054,-23.7973],[-47.0038,-23.7987],[-47.0021,-23.7989],[-47.0007,-23.8016],[-46.9988,-23.8011],[-46.9966,-23.8027],[-46.9951,-23.8019],[-46.9935,-23.8034],[-46.9926,-23.8033],[-46.9889,-23.8008],[-46.9886,-23.7996],[-46.9866,-23.7976],[-46.9836,-23.7976],[-46.981,-23.7952],[-46.9808,-23.7917],[-46.98,-23.7898],[-46.9813,-23.7888],[-46.9825,-23.7867],[-46.9822,-23.784],[-46.9787,-23.7815],[-46.9763,-23.7792],[-46.9722,-23.7788],[-46.9719,-23.7774],[-46.9701,-23.7759],[-46.9681,-23.7748],[-46.9668,-23.7748],[-46.9664,-23.7762],[-46.9638,-23.7797],[-46.9645,-23.7814],[-46.966,-23.783],[-46.9659,-23.7841],[-46.9631,-23.7855],[-46.9599,-23.7881],[-46.9591,-23.7896],[-46.9585,-23.7921],[-46.956,-23.7922],[-46.9551,-23.7914],[-46.9508,-23.7927],[-46.9489,-23.7911],[-46.9479,-23.7884],[-46.948,-23.7874],[-46.9465,-23.7864],[-46.9443,-23.7869],[-46.9424,-23.7868],[-46.9402,-23.7858],[-46.9394,-23.7845],[-46.9401,-23.7816],[-46.939,-23.7779],[-46.9378,-23.7766],[-46.937,-23.7741],[-46.9357,-23.774],[-46.9346,-23.7731],[-46.9341,-23.7716],[-46.9344,-23.7697],[-46.9352,-23.7682],[-46.9358,-23.7659],[-46.9338,-23.7649],[-46.9324,-23.7626],[-46.9308,-23.7611],[-46.9294,-23.7581],[-46.9309,-23.7571],[-46.9315,-23.7544],[-46.9301,-23.7524],[-46.93,-23.7512],[-46.9278,-23.7505],[-46.9275,-23.7498],[-46.9305,-23.7468],[-46.9307,-23.7439],[-46.9322,-23.7411],[-46.9335,-23.7401],[-46.934,-23.7387],[-46.9334,-23.7363],[-46.9322,-23.734],[-46.9307,-23.7323],[-46.9292,-23.7317],[-46.9281,-23.7305],[-46.926,-23.7303],[-46.9236,-23.7319],[-46.9229,-23.7313],[-46.9228,-23.7273],[-46.9214,-23.7261],[-46.9177,-23.7259],[-46.9155,-23.7251],[-46.9146,-23.724],[-46.9105,-23.7203],[-46.9097,-23.7199],[-46.9058,-23.7147],[-46.9049,-23.7127],[-46.9037,-23.7117],[-46.9016,-23.703],[-46.902,-23.7021],[-46.9007,-23.7008],[-46.9002,-23.6993],[-46.901,-23.6966],[-46.9002,-23.6956],[-46.9001,-23.6934],[-46.8985,-23.6892],[-46.8973,-23.6882],[-46.8985,-23.6874],[-46.8979,-23.6823],[-46.8956,-23.6803],[-46.896,-23.6789],[-46.897,-23.6789],[-46.8975,-23.6774],[-46.8953,-23.6751],[-46.895,-23.6734],[-46.8933,-23.6711],[-46.892,-23.6712],[-46.8915,-23.6701],[-46.8898,-23.6685],[-46.8875,-23.6678]]]}},{"type":"Feature","id":"3513801","properties":{"ibge_code":"3513801","name":"Diadema","state_code":"SP"},"geometry":{"type":"Polygon","coordinates":[[[-46.6513,-23.731],[-46.6466,-23.732],[-46.6442,-23.7318],[-46.6428,-23.7322],[-46.6404,-23.7316],[-46.6383,-23.7339],[-46.636,-23.7338],[-46.6339,-23.7362],[-46.6311,-23.7351],[-46.6288,-23.7354],[-46.6274,-23.7369],[-46.6256,-23.7367],[-46.6246,-23.736],[-46.623,-23.7372],[-46.6196,-23.739],[-46.6174,-23.7375],[-46.6163,-23.7382],[-46.6138,-23.738],[-46.6114,-23.7374],[-46.6093,-23.7339],[-46.6076,-23.7335],[-46.6055,-23.7313],[-46.607,-23.728],[-46.6061,-23.727],[-46.6062,-23.7239],[-46.605,-23.7202],[-46.6049,-23.7185],[-46.6042,-23.7178],[-46.602,-23.7174],[-46.6006,-23.7163],[-46.5991,-23.7127],[-46.597,-23.7109],[-46.5935,-23.7091],[-46.5911,-23.7072],[-46.5903,-23.7059],[-46.5909,-23.705],[-46.5898,-23.7022],[-46.5898,-23.7008],[-46.5885,-23.6994],[-46.5888,-23.6985],[-46.5869,-23.697],[-46.5843,-23.6938],[-46.5812,-23.6926],[-46.5788,-23.69],[-46.5791,-23.6875],[-46.5802,-23.685],[-46.58,-23.6833],[-46.5786,-23.6804],[-46.5791,-23.6788],[-46.5806,-23.6773],[-46.5793,-23.6759],[-46.5778,-23.673],[-46.5824,-23.6724],[-46.5865,-23.6741],[-46.5879,-23.6761],[-46.5913,-23.6773],[-46.6001,-23.6708],[-46.5991,-23.6684],[-46.598,-23.6668],[-46.5963,-23.6634],[-46.599,-23.6632],[-46.6002,-23.6626],[-46.6018,-23.6628],[-46.6049,-23.6656],[-46.6058,-23.6674],[-46.6091,-23.6695],[-46.6103,-23.6683],[-46.6131,-23.6663],[-46.6131,-23.6634],[-46.6148,-23.6622],[-46.6164,-23.6593],[-46.6163,-23.658],[-46.6172,-23.6573],[-46.6197,-23.6584],[-46.62,-23.6593],[-46.6224,-23.6605],[-46.6228,-23.6613],[-46.6251,-23.6593],[-46.6264,-23.6596],[-46.6268,-23.6632],[-46.6268,-23.666],[-46.6271,-23.6685],[-46.6285,-23.6709],[-46.6311,-23.6729],[-46.6305,-23.6771],[-46.6306,-23.6799],[-46.6333,-23.6816],[-46.6336,-23.6824],[-46.633,-23.6845],[-46.6339,-23.688],[-46.6357,-23.6899],[-46.6351,-23.6913],[-46.6326,-23.6917],[-46.6325,-23.6932],[-46.6316,-23.6939],[-46.6317,-23.6964],[-46.6289,-23.6979],[-46.6285,-23.7003],[-46.6273,-23.701],[-46.6263,-23.7029],[-46.625,-23.7021],[-46.624,-23.7025],[-46.6244,-23.7052],[-46.6229,-23.7054],[-46.6212,-23.7072],[-46.6185,-23.7073],[-46.617,-23.7084],[-46.6164,-23.7105],[-46.6182,-23.7127],[-46.6225,-23.7158],[-46.6257,-23.7164],[-46.6276,-23.7163],[-46.6302,-23.7192],[-46.6322,-23.7209],[-46.6365,-23.7253],[-46.6403,-23.7273],[-46.6465,-23.7289],[-46.6501,-23.7301],[-46.6513,-23.731]]]}},{"type":"Feature","id":"3515004","properties":{"ibge_code":"3515004","name":"Embu das Artes","state_code":"SP"},"geometry":{"type":"Polygon","coordinates":[[[-46.8875,-23.6678],[-46.8845,-23.6715],[-46.8835,-23.6714],[-46.8819,-23.6727],[-46.8807,-23.6752],[-46.8765,-23.6778],[-46.8746,-23.678],[-46.8725,-23.6799],[-46.8718,-23.6831],[-46.8712,-23.6833],[-46.8683,-23.6824],[-46.8664,-23.6827],[-46.8633,-23.6822],[-46.8626,-23.6816],[-46.8611,-23.6819],[-46.8597,-23.6835],[-46.8543,-23.6827],[-46.8493,-23.6853],[-46.8485,-23.6848],[-46.8475,-23.6823],[-46.8457,-23.6808],[-46.8431,-23.6811],[-46.8376,-23.6791],[-46.8329,-23.6785],[-46.8296,-23.6766],[-46.8268,-23.6758],[-46.8229,-23.6779],[-46.8233,-23.6787],[-46.8228,-23.6827],[-46.8222,-23.6846],[-46.8204,-23.6858],[-46.8199,-23.6873],[-46.8166,-23.687],[-46.8147,-23.6882],[-46.8118,-23.6873],[-46.8088,-23.6871],[-46.8047,-23.6859],[-46.8033,-23.685],[-46.8015,-23.6854],[-46.8015,-23.6847],[-46.7996,-23.6812],[-46.8,-23.6786],[-46.7987,-23.6768],[-46.7985,-23.6751],[-46.7973,-23.674],[-46.7955,-23.6703],[-46.795,-23.6668],[-46.7955,-23.6653],[-46.7945,-23.6638],[-46.7945,-23.6618],[-46.7939,-23.6603],[-46.7942,-23.6592],[-46.7934,-23.6582],[-46.7934,-23.6568],[-46.7919,-23.6521],[-46.7925,-23.6496],[-46.7927,-23.6472],[-46.7927,-23.6471],[-46.8066,-23.6417],[-46.8216,-23.6359],[-46.8201,-23.6356],[-46.819,-23.6363],[-46.8166,-23.6351],[-46.8155,-23.6317],[-46.8127,-23.6302],[-46.8128,-23.629],[-46.8101,-23.6253],[-46.8121,-23.624],[-46.8115,-23.6224],[-46.81,-23.6208],[-46.8097,-23.6185],[-46.8127,-23.6136],[-46.8126,-23.613],[-46.8102,-23.6101],[-46.8145,-23.6112],[-46.8156,-23.6126],[-46.8187,-23.6134],[-46.82,-23.6149],[-46.8216,-23.6181],[-46.8226,-23.6191],[-46.8265,-23.6207],[-46.8297,-23.6228],[-46.8339,-23.6238],[-46.8368,-23.6264],[-46.8396,-23.6273],[-46.8406,-23.6252],[-46.8441,-23.6231],[-46.8458,-23.6226],[-46.8464,-23.6209],[-46.8488,-23.6195],[-46.8504,-23.6193],[-46.8541,-23.6198],[-46.8549,-23.618],[-46.8559,-23.6136],[-46.8564,-23.6127],[-46.8581,-23.6124],[-46.8607,-23.6145],[-46.8629,-23.6155],[-46.8647,-23.6169],[-46.8668,-23.6194],[-46.868,-23.6203],[-46.8695,-23.6239],[-46.8716,-23.6223],[-46.8738,-23.6216],[-46.8778,-23.6214],[-46.8798,-23.6193],[-46.881,-23.6192],[-46.8856,-23.6199],[-46.886,-23.6221],[-46.8878,-23.6245],[-46.8895,-23.6253],[-46.8918,-23.6257],[-46.8941,-23.6268],[-46.8957,-23.6285],[-46.8968,-23.6288],[-46.9006,-23.6281],[-46.9021,-23.6303],[-46.9047,-23.6309],[-46.9059,-23.6303],[-46.9079,-23.6308],[-46.907,-23.6328],[-46.9081,-23.6363],[-46.9089,-23.6377],[-46.9093,-23.6395],[-46.9086,-23.6415],[-46.9097,-23.6442],[-46.912,-23.6454],[-46.9134,-23.6467],[-46.9157,-23.6499],[-46.9151,-23.6526],[-46.917,-23.6543],[-46.9183,-23.6568],[-46.9177,-23.6599],[-46.9157,-23.6603],[-46.9145,-23.6622],[-46.9131,-23.6619],[-46.9115,-23.6632],[-46.9071,-23.6646],[-46.9052,-23.6644],[-46.9034,-23.6648],[-46.9026,-23.6658],[-46.9026,-23.6675],[-46.9016,-23.6693],[-46.8984,-23.6688],[-46.8933,-23.6695],[-46.8921,-23.6681],[-46.8896,-23.6672],[-46.8875,-23.6678]]]}},{"type":"Feature","id":"3515103","properties":{"ibge_code":"3515103","name":"Embu-Guaçu","state_code":"SP"},"geometry":{"type":"Polygon","coordinates":[[[-46.8107,-23.9205],[-46.8107,-23.9186],[-46.8118,-23.9171],[-46.8111,-23.9152],[-46.8118,-23.9133],[-46.8111,-23.9115],[-46.8116,-23.9078],[-46.8109,-23.9061],[-46.8096,-23.905],[-46.8071,-23.9013],[-46.8069,-23.8998],[-46.8049,-23.8972],[-46.8046,-23.8952],[-46.8053,-23.8914],[-46.8062,-23.8918],[-46.8072,-23.8881],[-46.8074,-23.8865],[-46.8054,-23.8875],[-46.803,-23.8877],[-46.8014,-23.889],[-46.8009,-23.8904],[-46.8009,-23.8928],[-46.799,-23.8937],[-46.7964,-23.8931],[-46.7951,-23.8938],[-46.7877,-23.8948],[-46.786,-23.8943],[-46.7768,-23.8932],[-46.7766,-23.8926],[-46.776,-23.8554],[-46.7795,-23.8514],[-46.7791,-23.8491],[-46.7796,-23.8486],[-46.7789,-23.8464],[-46.7799,-23.8422],[-46.7784,-23.8416],[-46.7765,-23.8422],[-46.7735,-23.8438],[-46.7693,-23.8434],[-46.7674,-23.8436],[-46.7643,-23.8426],[-46.763,-23.8397],[-46.7634,-23.8386],[-46.7626,-23.8359],[-46.7632,-23.8346],[-46.7655,-23.8348],[-46.7656,-23.8334],[-46.7636,-23.832],[-46.763,-23.8306],[-46.7626,-23.8279],[-46.7632,-23.8266],[-46.7671,-23.8239],[-46.7689,-23.8214],[-46.7716,-23.82],[-46.7734,-23.8181],[-46.775,-23.8177],[-46.7805,-23.8142],[-46.7824,-23.8132],[-46.7863,-23.8127],[-46.7888,-23.8116],[-46.7918,-23.8113],[-46.7951,-23.8105],[-46.7962,-23.8111],[-46.8011,-23.8098],[-46.8019,-23.8079],[-46.8017,-23.8061],[-46.8007,-23.8047],[-46.8004,-23.8015],[-46.7993,-23.8014],[-46.7984,-23.8003],[-46.7966,-23.7997],[-46.7959,-23.7985],[-46.7965,-23.7975],[-46.7937,-23.7938],[-46.7891,-23.7899],[-46.7901,-23.7883],[-46.7887,-23.7876],[-46.7882,-23.7863],[-46.7896,-23.7862],[-46.7894,-23.7847],[-46.791,-23.78],[-46.7908,-23.7777],[-46.7901,-23.7761],[-46.7881,-23.7738],[-46.7862,-23.7731],[-46.7815,-23.7721],[-46.7797,-23.7703],[-46.7774,-23.7672],[-46.78,-23.7653],[-46.7838,-23.7646],[-46.7867,-23.7661],[-46.7881,-23.7651],[-46.7905,-23.7665],[-46.7931,-23.7662],[-46.7962,-23.7692],[-46.7997,-23.7709],[-46.8009,-23.7705],[-46.8028,-23.7688],[-46.8054,-23.768],[-46.8067,-23.7668],[-46.808,-23.7665],[-46.8111,-23.7667],[-46.8127,-23.7683],[-46.8138,-23.7677],[-46.815,-23.7687],[-46.817,-23.7673],[-46.8206,-23.7672],[-46.823,-23.7681],[-46.8239,-23.7702],[-46.8254,-23.7711],[-46.8278,-23.7737],[-46.829,-23.7766],[-46.8309,-23.7793],[-46.8336,-23.7803],[-46.8365,-23.7799],[-46.8388,-23.778],[-46.8399,-23.7787],[-46.8401,-23.78],[-46.8395,-23.7814],[-46.8405,-23.7835],[-46.8424,-23.7835],[-46.8445,-23.7853],[-46.8442,-23.7874],[-46.8468,-23.7915],[-46.8491,-23.7931],[-46.8494,-23.7958],[-46.8528,-23.7958],[-46.8542,-23.7947],[-46.8558,-23.7946],[-46.8573,-23.7964],[-46.8571,-23.7987],[-46.8579,-23.8002],[-46.8626,-23.802],[-46.8633,-23.8043],[-46.8655,-23.8046],[-46.8656,-23.8027],[-46.867,-23.8004],[-46.8689,-23.7993],[-46.8715,-23.7996],[-46.8723,-23.7988],[-46.872,-23.7972],[-46.8734,-23.7977],[-46.8771,-23.7978],[-46.8793,-23.7988],[-46.8818,-23.8038],[-46.8813,-23.8062],[-46.8788,-23.809],[-46.8783,-23.811],[-46.8795,-23.8131],[-46.8798,-23.8159],[-46.8806,-23.8171],[-46.8845,-23.8176],[-46.8856,-23.8212],[-46.8841,-23.8236],[-46.883,-23.8266],[-46.8836,-23.8287],[-46.886,-23.8294],[-46.8875,-23.8327],[-46.8903,-23.8348],[-46.8931,-23.8354],[-46.8936,-23.8364],[-46.8955,-23.8365],[-46.8953,-23.838],[-46.8925,-23.8387],[-46.8916,-23.8413],[-46.8895,-23.8416],[-46.886,-23.8414],[-46.8842,-23.8427],[-46.8816,-23.8451],[-46.8802,-23.847],[-46.8781,-23.847],[-46.8776,-23.8482],[-46.8762,-23.8489],[-46.8759,-23.8503],[-46.8716,-23.8532],[-46.8703,-23.8522],[-46.8696,-23.8528],[-46.8667,-23.8533],[-46.8659,-23.8539],[-46.8624,-23.8534],[-46.8612,-23.852],[-46.8603,-23.8534],[-46.8577,-23.8549],[-46.8554,-23.8535],[-46.8537,-23.8547],[-46.8508,-23.8538],[-46.8484,-23.8563],[-46.8495,-23.8569],[-46.8491,-23.8598],[-46.8498,-23.861],[-46.8494,-23.8625],[-46.8515,-23.8674],[-46.8539,-23.8707],[-46.8541,-23.872],[-46.8553,-23.8729],[-46.8554,-23.8747],[-46.8559,-23.8763],[-46.8575,-23.8769],[-46.8582,-23.8781],[-46.8594,-23.8823],[-46.861,-23.8864],[-46.8629,-23.8873],[-46.8652,-23.8865],[-46.8667,-23.8875],[-46.8677,-23.8898],[-46.8702,-23.8917],[-46.8698,-23.8944],[-46.874,-23.8949],[-46.8765,-23.8936],[-46.8791,-23.8941],[-46.8806,-23.8933],[-46.8821,-23.8941],[-46.8825,-23.8958],[-46.885,-23.897],[-46.8854,-23.8984],[-46.8888,-23.9013],[-46.888,-23.9039],[-46.8893,-23.9063],[-46.8887,-23.9078],[-46.8888,-23.9122],[-46.8903,-23.9136],[-46.8905,-23.9171],[-46.8951,-23.9196],[-46.8964,-23.9208],[-46.898,-23.9248],[-46.898,-23.9273],[-46.9001,-23.928],[-46.9024,-23.9271],[-46.9048,-23.9288],[-46.9054,-23.9307],[-46.9065,-23.9315],[-46.9068,-23.9339],[-46.9077,-23.935],[-46.9092,-23.9347],[-46.9107,-23.9354],[-46.9122,-23.9344],[-46.9115,-23.9356],[-46.9098,-23.9365],[-46.908,-23.9359],[-46.907,-23.9368],[-46.905,-23.9412],[-46.9036,-23.9416],[-46.903,-23.9399],[-46.8993,-23.9406],[-46.8983,-23.9387],[-46.8966,-23.9388],[-46.8932,-23.9379],[-46.8926,-23.9359],[-46.891,-23.9348],[-46.8894,-23.933],[-46.8874,-23.9339],[-46.8858,-23.9332],[-46.8848,-23.9312],[-46.8822,-23.93],[-46.8796,-23.9283],[-46.878,-23.9284],[-46.8741,-23.9293],[-46.8732,-23.9301],[-46.8729,-23.9333],[-46.8722,-23.9355],[-46.8703,-23.936],[-46.869,-23.9355],[-46.8671,-23.934],[-46.8643,-23.9334],[-46.8633,-23.9337],[-46.8627,-23.9356],[-46.861,-23.9361],[-46.8597,-23.9355],[-46.8588,-23.9384],[-46.858,-23.939],[-46.856,-23.9382],[-46.8542,-23.9394],[-46.8537,-23.9379],[-46.8499,-23.9385],[-46.8491,-23.9376],[-46.8488,-23.9361],[-46.8464,-23.9362],[-46.8446,-23.935],[-46.8437,-23.9351],[-46.8428,-23.9378],[-46.8411,-23.9368],[-46.8407,-23.935],[-46.8395,-23.9346],[-46.8376,-23.9355],[-46.8365,-23.9341],[-46.8328,-23.9342],[-46.8309,-23.9333],[-46.8303,-23.9322],[-46.8278,-23.9316],[-46.8248,-23.928],[-46.8235,-23.9292],[-46.8212,-23.9283],[-46.8197,-23.9269],[-46.8192,-23.9251],[-46.8158,-23.9215],[-46.8129,-23.9196],[-46.8107,-23.9205]]]}},{"type":"Feature","id":"3515707","properties":{"ibge_code":"3515707","name":"Ferraz de Vasconcelos","state_code":"SP"},"geometry":{"type":"Polygon","coordinates":[[[-46.35,-23.5735],[-46.351,-23.5714],[-46.3528,-23.5697],[-46.353,-23.5674],[-46.3542,-23.5657],[-46.3577,-23.5659],[-46.358,-23.5651],[-46.3563,-23.5622],[-46.3538,-23.5587],[-46.3529,-23.5569],[-46.3546,-23.5553],[-46.3549,-23.5543],[-46.3567,-23.5522],[-46.3563,-23.5497],[-46.3571,-23.5489],[-46.3561,-23.5461],[-46.3542,-23.5435],[-46.3551,-23.5359],[-46.3564,-23.5329],[-46.3577,-23.532],[-46.3599,-23.5315],[-46.3629,-23.5278],[-46.367,-23.5272],[-46.3683,-23.5247],[-46.3685,-23.5234],[-46.3683,-23.5196],[-46.3676,-23.5188],[-46.3665,-23.5149],[-46.3664,-23.5122],[-46.3707,-23.5112],[-46.3732,-23.5114],[-46.3753,-23.5131],[-46.3745,-23.5138],[-46.3744,-23.5153],[-46.3768,-23.5161],[-46.3796,-23.5162],[-46.3808,-23.5168],[-46.3826,-23.5186],[-46.3831,-23.5204],[-46.3866,-23.5216],[-46.386,-23.523],[-46.3843,-23.5237],[-46.3867,-23.526],[-46.3898,-23.5279],[-46.3908,-23.5294],[-46.3923,-23.5305],[-46.3941,-23.5296],[-46.3956,-23.5309],[-46.3945,-23.532],[-46.3938,-23.5338],[-46.3937,-23.5372],[-46.392,-23.5403],[-46.3904,-23.5414],[-46.3887,-23.5434],[-46.3877,-23.5457],[-46.3882,-23.5472],[-46.392,-23.5493],[-46.3945,-23.5492],[-46.3951,-23.5509],[-46.3932,-23.5522],[-46.3925,-23.5543],[-46.3928,-23.5558],[-46.3909,-23.5597],[-46.3889,-23.561],[-46.3869,-23.5618],[-46.3824,-23.563],[-46.3799,-23.5625],[-46.3804,-23.5649],[-46.3826,-23.5666],[-46.3825,-23.5682],[-46.3835,-23.5688],[-46.3835,-23.5708],[-46.3827,-23.5722],[-46.3814,-23.5726],[-46.3811,-23.5736],[-46.379,-23.5741],[-46.3778,-23.5749],[-46.3796,-23.5767],[-46.3817,-23.577],[-46.3835,-23.5778],[-46.3835,-23.5803],[-46.382,-23.5807],[-46.3798,-23.5838],[-46.3798,-23.5852],[-46.3776,-23.5878],[-46.3778,-23.5892],[-46.38,-23.5884],[-46.3822,-23.5909],[-46.3827,-23.5921],[-46.383,-23.5944],[-46.3842,-23.596],[-46.3831,-23.598],[-46.3831,-23.5995],[-46.3845,-23.6007],[-46.3872,-23.6009],[-46.3902,-23.602],[-46.3908,-23.6032],[-46.392,-23.603],[-46.3935,-23.6017],[-46.3954,-23.6022],[-46.3971,-23.6043],[-46.3994,-23.6058],[-46.3986,-23.608],[-46.3961,-23.6093],[-46.3948,-23.6125],[-46.3925,-23.6126],[-46.3909,-23.6122],[-46.389,-23.6133],[-46.3846,-23.6153],[-46.3839,-23.6177],[-46.3834,-23.6177],[-46.3815,-23.6156],[-46.3809,-23.6141],[-46.3788,-23.6132],[-46.378,-23.6115],[-46.377,-23.6106],[-46.3749,-23.6101],[-46.373,-23.6088],[-46.3719,-23.6061],[-46.3711,-23.6053],[-46.3698,-23.6021],[-46.3703,-23.6011],[-46.3685,-23.5988],[-46.3688,-23.5975],[-46.3669,-23.5955],[-46.3668,-23.5935],[-46.3657,-23.5907],[-46.3629,-23.5876],[-46.3633,-23.5852],[-46.3619,-23.583],[-46.3596,-23.5819],[-46.3561,-23.5819],[-46.3559,-23.5798],[-46.3548,-23.5778],[-46.3551,-23.5767],[-46.3535,-23.5755],[-46.353,-23.5739],[-46.35,-23.5735]]]}},{"type":"Feature","id":"3516309","properties":{"ibge_code":"3516309","name":"Francisco Morato","state_code":"SP"},"geometry":{"type":"Polygon","coordinates":[[[-46.7837,-23.2654],[-46.7821,-23.2665],[-46.7802,-23.2702],[-46.7791,-23.2712],[-46.7784,-23.2731],[-46.7781,-23.2755],[-46.7775,-23.2769],[-46.7742,-23.2805],[-46.7738,-23.2814],[-46.7717,-23.2826],[-46.77,-23.283],[-46.7689,-23.284],[-46.7679,-23.2857],[-46.7657,-23.2854],[-46.7648,-23.286],[-46.7648,-23.29],[-46.7623,-23.2919],[-46.7606,-23.2913],[-46.7578,-23.2928],[-46.7558,-23.2975],[-46.752,-23.2973],[-46.7503,-23.2999],[-46.7515,-23.3016],[-46.7178,-23.3024],[-46.7174,-23.3003],[-46.715,-23.2987],[-46.7121,-23.295],[-46.7115,-23.2946],[-46.7077,-23.2949],[-46.7054,-23.2959],[-46.7043,-23.295],[-46.7032,-23.2951],[-46.7022,-23.2931],[-46.6983,-23.2916],[-46.6976,-23.2896],[-46.6949,-23.2901],[-46.6928,-23.2899],[-46.6912,-23.2907],[-46.6887,-23.2903],[-46.6876,-23.2874],[-46.6861,-23.2877],[-46.683,-23.2833],[-46.684,-23.2823],[-46.6864,-23.2821],[-46.6873,-23.2814],[-46.6877,-23.2787],[-46.6846,-23.278],[-46.6839,-23.2787],[-46.6817,-23.2788],[-46.6805,-23.2778],[-46.6786,-23.2749],[-46.6769,-23.2735],[-46.6745,-23.2736],[-46.6728,-23.2732],[-46.6727,-23.2717],[-46.6703,-23.2713],[-46.6686,-23.2701],[-46.6638,-23.2692],[-46.6629,-23.2679],[-46.6612,-23.2675],[-46.6594,-23.2681],[-46.652,-23.2675],[-46.6491,-23.2652],[-46.6477,-23.2636],[-46.6412,-23.2614],[-46.6396,-23.2603],[-46.6384,-23.2577],[-46.6414,-23.2553],[-46.643,-23.2546],[-46.6444,-23.2551],[-46.6463,-23.2566],[-46.6487,-23.2573],[-46.651,-23.2592],[-46.6525,-23.2599],[-46.6563,-23.2599],[-46.6614,-23.2592],[-46.6637,-23.2585],[-46.6659,-23.2589],[-46.6678,-23.2583],[-46.6695,-23.2562],[-46.6721,-23.256],[-46.6736,-23.2581],[-46.6753,-23.2615],[-46.6779,-23.2612],[-46.6817,-23.2589],[-46.6834,-23.2574],[-46.6852,-23.2573],[-46.6861,-23.2589],[-46.6871,-23.2588],[-46.6899,-23.2572],[-46.6913,-23.2572],[-46.6925,-23.2587],[-46.6942,-23.2592],[-46.6957,-23.2572],[-46.6985,-23.2571],[-46.699,-23.256],[-46.6973,-23.2552],[-46.6979,-23.2536],[-46.6993,-23.2528],[-46.703,-23.2517],[-46.7041,-23.2521],[-46.7053,-23.2516],[-46.7072,-23.252],[-46.7096,-23.2533],[-46.7111,-23.2532],[-46.7159,-23.2536],[-46.7185,-23.2533],[-46.7192,-23.252],[-46.721,-23.251],[-46.7236,-23.2487],[-46.7257,-23.2485],[-46.7268,-23.2491],[-46.728,-23.2511],[-46.7302,-23.2527],[-46.7333,-23.2534],[-46.7349,-23.2523],[-46.7371,-23.2529],[-46.7406,-23.2519],[-46.7419,-23.2509],[-46.7438,-23.2503],[-46.7455,-23.2504],[-46.7506,-23.2528],[-46.7519,-23.2537],[-46.7514,-23.2545],[-46.7526,-23.2557],[-46.7542,-23.2545],[-46.7568,-23.2534],[-46.7584,-23.2552],[-46.7597,-23.2558],[-46.7602,-23.2581],[-46.7619,-23.2583],[-46.7634,-23.2578],[-46.7662,-23.2592],[-46.7715,-23.2599],[-46.7739,-23.2585],[-46.7762,-23.2577],[-46.7773,-23.2565],[-46.7788,-23.2566],[-46.7825,-23.2599],[-46.784,-23.2609],[-46.7843,-23.2622],[-46.7837,-23.2654]]]}},{"type":"Feature","id":"3516408","properties":{"ibge_code":"3516408","name":"Franco da Rocha","state_code":"SP"},"geometry":{"type":"Polygon","coordinates":[[[-46.8237,-23.331],[-46.8213,-23.3326],[-46.8209,-23.3346],[-46.8186,-23.3372],[-46.8141,-23.3376],[-46.8115,-23.3362],[-46.8093,-23.337],[-46.8074,-23.3386],[-46.8049,-23.3389],[-46.803,-23.3407],[-46.8011,-23.3414],[-46.8005,-23.3442],[-46.7993,-23.3446],[-46.7955,-23.3449],[-46.7943,-23.3457],[-46.7924,-23.3457],[-46.7917,-23.3443],[-46.7901,-23.3438],[-46.7878,-23.3441],[-46.7875,-23.3462],[-46.786,-23.3462],[-46.7845,-23.3481],[-46.7826,-23.3492],[-46.7811,-23.349],[-46.7799,-23.3464],[-46.7787,-23.3447],[-46.7791,-23.3417],[-46.7788,-23.3378],[-46.7779,-23.3367],[-46.774,-23.3348],[-46.7707,-23.3347],[-46.7692,-23.3352],[-46.7653,-23.3345],[-46.7639,-23.3336],[-46.7618,-23.3329],[-46.76,-23.3315],[-46.7576,-23.3305],[-46.7564,-23.328],[-46.7543,-23.3269],[-46.7521,-23.3265],[-46.7504,-23.3276],[-46.7501,-23.3296],[-46.7483,-23.3304],[-46.7483,-23.3314],[-46.7467,-23.3323],[-46.7465,-23.3337],[-46.7455,-23.3348],[-46.745,-23.3367],[-46.7431,-23.3382],[-46.7418,-23.3413],[-46.7421,-23.3445],[-46.7417,-23.3485],[-46.7406,-23.351],[-46.7413,-23.352],[-46.7436,-23.3533],[-46.7434,-23.3547],[-46.7411,-23.3545],[-46.7374,-23.3556],[-46.7309,-23.3562],[-46.7263,-23.3571],[-46.7222,-23.3569],[-46.7205,-23.3558],[-46.7182,-23.3562],[-46.716,-23.3554],[-46.7114,-23.3586],[-46.7087,-23.3599],[-46.7073,-23.3615],[-46.7065,-23.3632],[-46.7041,-23.3633],[-46.7007,-23.3631],[-46.6992,-23.3616],[-46.6967,-23.3626],[-46.694,-23.3647],[-46.6918,-23.3672],[-46.6905,-23.3682],[-46.6886,-23.3683],[-46.6851,-23.3652],[-46.6829,-23.3675],[-46.6816,-23.368],[-46.6802,-23.3673],[-46.6771,-23.3667],[-46.6744,-23.3654],[-46.6719,-23.3649],[-46.6702,-23.3631],[-46.6688,-23.36],[-46.6677,-23.3558],[-46.6655,-23.3517],[-46.6648,-23.3479],[-46.6632,-23.3447],[-46.6618,-23.3393],[-46.6608,-23.3348],[-46.66,-23.3335],[-46.658,-23.3313],[-46.6579,-23.3303],[-46.6589,-23.329],[-46.6606,-23.3286],[-46.6629,-23.3271],[-46.6634,-23.3257],[-46.6626,-23.3245],[-46.6542,-23.3217],[-46.6516,-23.3217],[-46.6491,-23.3202],[-46.6453,-23.3186],[-46.6452,-23.3167],[-46.6457,-23.314],[-46.6454,-23.3119],[-46.6427,-23.3113],[-46.6427,-23.3101],[-46.6409,-23.3083],[-46.6372,-23.3065],[-46.6358,-23.3053],[-46.6362,-23.3039],[-46.6387,-23.3003],[-46.6418,-23.2987],[-46.6458,-23.2961],[-46.6466,-23.2953],[-46.6469,-23.2933],[-46.6466,-23.2901],[-46.6475,-23.2876],[-46.6491,-23.2875],[-46.6504,-23.2882],[-46.6518,-23.2875],[-46.6531,-23.2844],[-46.6578,-23.2833],[-46.659,-23.2834],[-46.6605,-23.2823],[-46.6608,-23.2811],[-46.6592,-23.2779],[-46.6579,-23.2777],[-46.656,-23.2784],[-46.654,-23.2769],[-46.6527,-23.277],[-46.6493,-23.2761],[-46.6476,-23.2753],[-46.6477,-23.2726],[-46.6456,-23.2706],[-46.6448,-23.2681],[-46.643,-23.2654],[-46.6413,-23.2648],[-46.6386,-23.2655],[-46.6376,-23.2636],[-46.6377,-23.2607],[-46.6371,-23.2581],[-46.6384,-23.2577],[-46.6396,-23.2603],[-46.6412,-23.2614],[-46.6477,-23.2636],[-46.6491,-23.2652],[-46.652,-23.2675],[-46.6594,-23.2681],[-46.6612,-23.2675],[-46.6629,-23.2679],[-46.6638,-23.2692],[-46.6686,-23.2701],[-46.6703,-23.2713],[-46.6727,-23.2717],[-46.6728,-23.2732],[-46.6745,-23.2736],[-46.6769,-23.2735],[-46.6786,-23.2749],[-46.6805,-23.2778],[-46.6817,-23.2788],[-46.6839,-23.2787],[-46.6846,-23.278],[-46.6877,-23.2787],[-46.6873,-23.2814],[-46.6864,-23.2821],[-46.684,-23.2823],[-46.683,-23.2833],[-46.6861,-23.2877],[-46.6876,-23.2874],[-46.6887,-23.2903],[-46.6912,-23.2907],[-46.6928,-23.2899],[-46.6949,-23.2901],[-46.6976,-23.2896],[-46.6983,-23.2916],[-46.7022,-23.2931],[-46.7032,-23.2951],[-46.7043,-23.295],[-46.7054,-23.2959],[-46.7077,-23.2949],[-46.7115,-23.2946],[-46.7121,-23.295],[-46.715,-23.2987],[-46.7174,-23.3003],[-46.7178,-23.3024],[-46.7515,-23.3016],[-46.7503,-23.2999],[-46.752,-23.2973],[-46.7558,-23.2975],[-46.7578,-23.2928],[-46.7606,-23.2913],[-46.7623,-23.2919],[-46.7648,-23.29],[-46.7648,-23.286],[-46.7657,-23.2854],[-46.7679,-23.2857],[-46.7689,-23.284],[-46.77,-23.283],[-46.7717,-23.2826],[-46.7738,-23.2814],[-46.7742,-23.2805],[-46.7775,-23.2769],[-46.7781,-23.2755],[-46.7784,-23.2731],[-46.7791,-23.2712],[-46.7802,-23.2702],[-46.7821,-23.2665],[-46.7837,-23.2654],[-46.7864,-23.265],[-46.7876,-23.2665],[-46.7913,-23.2667],[-46.7926,-23.2639],[-46.7919,-23.2625],[-46.7936,-23.2607],[-46.7962,-23.26],[-46.7987,-23.2586],[-46.8026,-23.2571],[-46.8034,-23.2634],[-46.8026,-23.2652],[-46.8036,-23.2673],[-46.8031,-23.2695],[-46.8035,-23.2711],[-46.8059,-23.2724],[-46.8054,-23.2746],[-46.8066,-23.2752],[-46.8097,-23.2746],[-46.8108,-23.2759],[-46.8124,-23.276],[-46.8142,-23.2774],[-46.8135,-23.2796],[-46.8142,-23.2821],[-46.8165,-23.2826],[-46.8193,-23.2809],[-46.8229,-23.2802],[-46.8271,-23.2801],[-46.8301,-23.2793],[-46.8321,-23.2791],[-46.8345,-23.2804],[-46.8347,-23.281],[-46.8341,-23.2848],[-46.8345,-23.2862],[-46.8374,-23.2872],[-46.8381,-23.2878],[-46.8383,-23.2885],[-46.8412,-23.2911],[-46.8428,-23.292],[-46.8427,-23.2938],[-46.842,-23.2955],[-46.8421,-23.2975],[-46.8408,-23.3023],[-46.8394,-23.3037],[-46.8363,-23.3056],[-46.8354,-23.3068],[-46.8359,-23.3079],[-46.833,-23.3104],[-46.8287,-23.3099],[-46.8267,-23.3108],[-46.825,-23.3122],[-46.8225,-23.3129],[-46.8217,-23.3141],[-46.8225,-23.3163],[-46.8245,-23.3175],[-46.8258,-23.3203],[-46.8247,-23.3209],[-46.8254,-23.3245],[-46.8239,-23.3266],[-46.8237,-23.331]]]}},{"type":"Feature","id":"3518305","properties":{"ibge_code":"3518305","name":"Guararema","state_code":"SP"},"geometry":{"type":"Polygon","coordinates":[[[-46.1575,-23.3428],[-46.1567,-23.345],[-46.1569,-23.3531],[-46.1559,-23.3557],[-46.1549,-23.36],[-46.156,-23.3627],[-46.1531,-23.3667],[-46.1534,-23.3685],[-46.1544,-23.3691],[-46.1563,-23.3719],[-46.1561,-23.3729],[-46.157,-23.3749],[-46.1567,-23.3761],[-46.1577,-23.3786],[-46.1587,-23.3798],[-46.1578,-23.3824],[-46.1605,-23.3883],[-46.1598,-23.3899],[-46.1586,-23.3911],[-46.1551,-23.3938],[-46.1536,-23.3962],[-46.1481,-23.4019],[-46.1477,-23.4039],[-46.1469,-23.4049],[-46.1479,-23.4065],[-46.1476,-23.4079],[-46.1426,-23.4118],[-46.1431,-23.4129],[-46.1422,-23.4144],[-46.1421,-23.4159],[-46.1436,-23.417],[-46.146,-23.4179],[-46.1493,-23.4212],[-46.1512,-23.422],[-46.152,-23.4231],[-46.1538,-23.4236],[-46.1551,-23.4266],[-46.1519,-23.4299],[-46.1503,-23.4303],[-46.1484,-23.4323],[-46.1459,-23.4337],[-46.1397,-23.4404],[-46.1359,-23.4388],[-46.1341,-23.437],[-46.1319,-23.438],[-46.13,-23.4375],[-46.1276,-23.4358],[-46.1263,-23.4362],[-46.1234,-23.4356],[-46.1213,-23.4355],[-46.1194,-23.4362],[-46.1163,-23.438],[-46.1143,-23.4384],[-46.1133,-23.4396],[-46.113,-23.4412],[-46.1133,-23.443],[-46.1118,-23.4458],[-46.1077,-23.4474],[-46.1067,-23.4481],[-46.1063,-23.4511],[-46.1058,-23.4525],[-46.1063,-23.4543],[-46.1056,-23.4554],[-46.1034,-23.454],[-46.1023,-23.4541],[-46.1011,-23.4554],[-46.0999,-23.4556],[-46.0947,-23.4534],[-46.0928,-23.4536],[-46.0899,-23.4518],[-46.0877,-23.4525],[-46.0859,-23.4521],[-46.0827,-23.4525],[-46.0782,-23.451],[-46.0764,-23.4524],[-46.074,-23.4524],[-46.0591,-23.465],[-46.0586,-23.4662],[-46.0564,-23.4693],[-46.0563,-23.4702],[-46.0538,-23.4735],[-46.0543,-23.4753],[-46.054,-23.4765],[-46.0544,-23.4795],[-46.0535,-23.4811],[-46.052,-23.482],[-46.0531,-23.4852],[-46.0514,-23.4877],[-46.0516,-23.4892],[-46.0538,-23.4894],[-46.0568,-23.4908],[-46.0597,-23.4917],[-46.0618,-23.493],[-46.0634,-23.4928],[-46.0641,-23.4938],[-46.0637,-23.4962],[-46.065,-23.4991],[-46.0653,-23.5019],[-46.0661,-23.5033],[-46.0661,-23.5069],[-46.0701,-23.5091],[-46.071,-23.5113],[-46.072,-23.5122],[-46.0741,-23.5113],[-46.0749,-23.5097],[-46.0759,-23.5096],[-46.0779,-23.5114],[-46.0782,-23.5133],[-46.077,-23.5147],[-46.0778,-23.5162],[-46.0772,-23.5172],[-46.0754,-23.5181],[-46.0751,-23.5205],[-46.0745,-23.5214],[-46.0719,-23.5224],[-46.0714,-23.5232],[-46.0718,-23.5247],[-46.0737,-23.5255],[-46.074,-23.5267],[-46.0756,-23.5278],[-46.0754,-23.5309],[-46.0763,-23.5327],[-46.0753,-23.5346],[-46.073,-23.5356],[-46.0715,-23.5372],[-46.0691,-23.5375],[-46.0672,-23.5387],[-46.0646,-23.5396],[-46.0611,-23.5401],[-46.0599,-23.541],[-46.0566,-23.5422],[-46.0528,-23.5411],[-46.0515,-23.5392],[-46.0436,-23.5385],[-46.0409,-23.5381],[-46.0401,-23.5365],[-46.0388,-23.5358],[-46.0357,-23.5322],[-46.0361,-23.5283],[-46.0344,-23.5255],[-46.0309,-23.5257],[-46.028,-23.5271],[-46.0264,-23.5301],[-46.0247,-23.5297],[-46.0229,-23.5313],[-46.0212,-23.5312],[-46.0185,-23.529],[-46.015,-23.5298],[-46.0134,-23.5294],[-46.0127,-23.528],[-46.0114,-23.5287],[-46.0064,-23.5278],[-46.0062,-23.5262],[-46.005,-23.5248],[-46.0034,-23.524],[-46.0001,-23.5215],[-45.9989,-23.5196],[-45.9975,-23.5191],[-45.995,-23.5209],[-45.9927,-23.5199],[-45.9887,-23.5188],[-45.9855,-23.5173],[-45.9841,-23.518],[-45.9829,-23.5149],[-45.9813,-23.5137],[-45.9798,-23.5111],[-45.9779,-23.5096],[-45.9777,-23.5066],[-45.9752,-23.5035],[-45.9725,-23.503],[-45.9679,-23.5004],[-45.9654,-23.4994],[-45.9619,-23.4971],[-45.9617,-23.4963],[-45.9587,-23.495],[-45.9565,-23.4945],[-45.9558,-23.4931],[-45.9568,-23.4913],[-45.9572,-23.4881],[-45.9587,-23.4866],[-45.9597,-23.4841],[-45.9608,-23.4835],[-45.962,-23.4809],[-45.9647,-23.478],[-45.9681,-23.4764],[-45.9674,-23.4747],[-45.9654,-23.4742],[-45.9624,-23.4724],[-45.9612,-23.4712],[-45.9606,-23.4687],[-45.9594,-23.4683],[-45.9583,-23.4689],[-45.9569,-23.4686],[-45.9575,-23.4664],[-45.9571,-23.4645],[-45.9558,-23.4631],[-45.9535,-23.4575],[-45.9528,-23.4566],[-45.9519,-23.4514],[-45.9522,-23.4497],[-45.9539,-23.4474],[-45.9578,-23.4446],[-45.9596,-23.4425],[-45.9608,-23.4404],[-45.961,-23.439],[-45.9629,-23.4355],[-45.9653,-23.4334],[-45.9653,-23.4296],[-45.9664,-23.428],[-45.9679,-23.4268],[-45.9705,-23.4266],[-45.9751,-23.4286],[-45.9771,-23.4281],[-45.9783,-23.4262],[-45.979,-23.4235],[-45.9783,-23.4227],[-45.9793,-23.4217],[-45.9791,-23.42],[-45.9797,-23.4184],[-45.9843,-23.4204],[-45.9856,-23.4195],[-45.9874,-23.4198],[-45.9898,-23.4188],[-45.9912,-23.4175],[-45.9928,-23.4135],[-45.9934,-23.4097],[-45.9946,-23.4058],[-45.9971,-23.4021],[-45.9977,-23.3969],[-45.999,-23.394],[-45.9983,-23.3914],[-45.9999,-23.3878],[-46.0025,-23.3853],[-46.0065,-23.3837],[-46.0086,-23.3844],[-46.0105,-23.3843],[-46.0109,-23.3871],[-46.0133,-23.3874],[-46.0146,-23.3889],[-46.0154,-23.3909],[-46.0167,-23.3909],[-46.0184,-23.3881],[-46.0209,-23.3882],[-46.0224,-23.3877],[-46.0244,-23.3899],[-46.0252,-23.3914],[-46.0266,-23.3921],[-46.0295,-23.3918],[-46.032,-23.3897],[-46.0332,-23.3881],[-46.0346,-23.3872],[-46.0367,-23.3881],[-46.0384,-23.387],[-46.0413,-23.3844],[-46.0423,-23.3827],[-46.0445,-23.3806],[-46.0458,-23.3785],[-46.0479,-23.3762],[-46.0508,-23.3709],[-46.0513,-23.3688],[-46.052,-23.3681],[-46.0544,-23.3679],[-46.0548,-23.3667],[-46.0559,-23.3662],[-46.0567,-23.3634],[-46.0574,-23.3627],[-46.0577,-23.3611],[-46.0595,-23.3604],[-46.061,-23.3577],[-46.063,-23.3588],[-46.0642,-23.3574],[-46.0678,-23.355],[-46.067,-23.3529],[-46.0675,-23.35],[-46.0683,-23.3483],[-46.0706,-23.3467],[-46.0715,-23.345],[-46.0737,-23.3422],[-46.0769,-23.3409],[-46.08,-23.3415],[-46.0811,-23.3399],[-46.0827,-23.3394],[-46.0852,-23.3366],[-46.0886,-23.3353],[-46.0916,-23.3321],[-46.092,-23.3307],[-46.0958,-23.3285],[-46.0976,-23.3266],[-46.099,-23.326],[-46.0995,-23.3243],[-46.0981,-23.3209],[-46.0979,-23.3195],[-46.0987,-23.3128],[-46.099,-23.3089],[-46.1015,-23.3086],[-46.1029,-23.3099],[-46.1055,-23.311],[-46.1093,-23.3103],[-46.1107,-23.3104],[-46.1127,-23.3097],[-46.1148,-23.3135],[-46.116,-23.3139],[-46.1243,-23.3197],[-46.1262,-23.3217],[-46.127,-23.3216],[-46.1305,-23.3232],[-46.1315,-23.3226],[-46.1338,-23.3243],[-46.1339,-23.3261],[-46.1366,-23.3276],[-46.1375,-23.3275],[-46.1396,-23.3292],[-46.1406,-23.3289],[-46.1425,-23.3312],[-46.1446,-23.3317],[-46.1451,-23.333],[-46.148,-23.3352],[-46.1495,-23.336],[-46.1521,-23.3385],[-46.1536,-23.3388],[-46.1545,-23.3397],[-46.1562,-23.3398],[-46.1578,-23.3423],[-46.1575,-23.3428]]]}},{"type":"Feature","id":"3518800","properties":{"ibge_code":"3518800","name":"Guarulhos","state_code":"SP"},"geometry":{"type":"Polygon","coordinates":[[[-46.3867,-23.4747],[-46.3864,-23.473],[-46.3889,-23.4712],[-46.3885,-23.4697],[-46.3895,-23.4656],[-46.3912,-23.4634],[-46.3923,-23.461],[-46.392,-23.4589],[-46.3933,-23.4572],[-46.3925,-23.4545],[-46.393,-23.4536],[-46.395,-23.4521],[-46.3965,-23.4488],[-46.3973,-23.4478],[-46.3967,-23.4461],[-46.3942,-23.4472],[-46.3938,-23.4486],[-46.3909,-23.4489],[-46.3895,-23.4484],[-46.3887,-23.4451],[-46.3849,-23.4455],[-46.3835,-23.4439],[-46.3847,-23.4396],[-46.3865,-23.4394],[-46.3881,-23.4378],[-46.387,-23.436],[-46.3846,-23.4352],[-46.3827,-23.4331],[-46.3797,-23.4341],[-46.378,-23.433],[-46.3762,-23.4329],[-46.3758,-23.4322],[-46.3715,-23.4338],[-46.3701,-23.434],[-46.3695,-23.4358],[-46.3676,-23.4374],[-46.3663,-23.4375],[-46.3649,-23.4356],[-46.363,-23.4352],[-46.3616,-23.4362],[-46.3596,-23.4385],[-46.3584,-23.4373],[-46.3602,-23.4363],[-46.3633,-23.4329],[-46.3668,-23.4301],[-46.3676,-23.428],[-46.3672,-23.4261],[-46.3677,-23.4234],[-46.3672,-23.4229],[-46.369,-23.4205],[-46.3702,-23.4181],[-46.371,-23.4178],[-46.372,-23.4122],[-46.3751,-23.4082],[-46.3757,-23.407],[-46.3752,-23.405],[-46.3771,-23.4032],[-46.3776,-23.4015],[-46.3768,-23.3971],[-46.3718,-23.395],[-46.3686,-23.3942],[-46.3694,-23.3906],[-46.3705,-23.3895],[-46.3705,-23.3876],[-46.3728,-23.386],[-46.3709,-23.3842],[-46.3704,-23.3821],[-46.3711,-23.3808],[-46.37,-23.3787],[-46.3703,-23.377],[-46.3699,-23.3748],[-46.3723,-23.3701],[-46.372,-23.3674],[-46.3706,-23.3666],[-46.37,-23.3651],[-46.3674,-23.3639],[-46.3662,-23.3637],[-46.3632,-23.3613],[-46.3629,-23.3595],[-46.3614,-23.3599],[-46.3597,-23.3593],[-46.3574,-23.3571],[-46.3578,-23.3553],[-46.355,-23.3524],[-46.3515,-23.3517],[-46.3516,-23.3501],[-46.3496,-23.3496],[-46.3485,-23.3484],[-46.3472,-23.348],[-46.3458,-23.3459],[-46.3444,-23.3451],[-46.3447,-23.3438],[-46.3434,-23.3433],[-46.3442,-23.3418],[-46.3418,-23.3413],[-46.3421,-23.3401],[-46.3412,-23.3377],[-46.3399,-23.3364],[-46.3399,-23.3351],[-46.3365,-23.3348],[-46.336,-23.333],[-46.336,-23.3298],[-46.3368,-23.3291],[-46.3413,-23.3287],[-46.3454,-23.3294],[-46.3504,-23.329],[-46.354,-23.3263],[-46.3544,-23.3243],[-46.3569,-23.3215],[-46.3581,-23.3181],[-46.3581,-23.3171],[-46.3559,-23.3144],[-46.3553,-23.3101],[-46.3564,-23.3088],[-46.3581,-23.3078],[-46.3587,-23.3051],[-46.3563,-23.3026],[-46.3561,-23.2997],[-46.3554,-23.2978],[-46.357,-23.2959],[-46.358,-23.2936],[-46.3578,-23.2909],[-46.3562,-23.2895],[-46.3566,-23.288],[-46.3592,-23.2851],[-46.3609,-23.284],[-46.3618,-23.2828],[-46.3627,-23.2784],[-46.362,-23.2771],[-46.3624,-23.276],[-46.3642,-23.2741],[-46.3657,-23.2739],[-46.3672,-23.2752],[-46.3693,-23.275],[-46.3717,-23.2757],[-46.3758,-23.2782],[-46.3787,-23.2787],[-46.3814,-23.2781],[-46.3843,-23.2814],[-46.3846,-23.2835],[-46.3863,-23.2848],[-46.3871,-23.2867],[-46.3903,-23.2875],[-46.3928,-23.2869],[-46.395,-23.2859],[-46.3964,-23.2859],[-46.3982,-23.2877],[-46.4003,-23.2892],[-46.4008,-23.2916],[-46.4005,-23.2946],[-46.4018,-23.296],[-46.4033,-23.296],[-46.4027,-23.2991],[-46.4042,-23.3006],[-46.4058,-23.301],[-46.4079,-23.3003],[-46.4116,-23.3014],[-46.4121,-23.3027],[-46.4103,-23.3043],[-46.4109,-23.3065],[-46.4135,-23.3083],[-46.4139,-23.3101],[-46.4163,-23.3133],[-46.4171,-23.3151],[-46.4185,-23.3163],[-46.4215,-23.3155],[-46.4233,-23.3164],[-46.4237,-23.3174],[-46.4231,-23.3195],[-46.4243,-23.3203],[-46.4255,-23.3234],[-46.4276,-23.3235],[-46.4288,-23.325],[-46.43,-23.328],[-46.4309,-23.3293],[-46.4333,-23.3303],[-46.4338,-23.3316],[-46.4327,-23.3341],[-46.4317,-23.3354],[-46.434,-23.337],[-46.4353,-23.3374],[-46.4388,-23.3396],[-46.4394,-23.3407],[-46.4391,-23.342],[-46.4415,-23.3418],[-46.4427,-23.3407],[-46.4444,-23.3413],[-46.4438,-23.3426],[-46.445,-23.3455],[-46.4466,-23.347],[-46.4485,-23.3497],[-46.4483,-23.3506],[-46.4464,-23.3525],[-46.4449,-23.3544],[-46.4443,-23.3571],[-46.4451,-23.3587],[-46.448,-23.3576],[-46.4523,-23.3583],[-46.4544,-23.357],[-46.458,-23.3566],[-46.4622,-23.3576],[-46.4651,-23.3571],[-46.4674,-23.3572],[-46.4683,-23.3566],[-46.47,-23.3582],[-46.4717,-23.3586],[-46.4739,-23.3615],[-46.4757,-23.3621],[-46.4782,-23.3612],[-46.4799,-23.3622],[-46.4808,-23.3621],[-46.4826,-23.36],[-46.4867,-23.3581],[-46.4871,-23.3564],[-46.4868,-23.3541],[-46.4874,-23.3508],[-46.4885,-23.3498],[-46.4899,-23.3498],[-46.4927,-23.3487],[-46.4959,-23.3482],[-46.4977,-23.3502],[-46.4999,-23.3515],[-46.5028,-23.3521],[-46.5046,-23.352],[-46.5073,-23.353],[-46.5088,-23.355],[-46.511,-23.3555],[-46.5158,-23.3542],[-46.5182,-23.3546],[-46.5205,-23.3545],[-46.5219,-23.3559],[-46.5251,-23.3583],[-46.5287,-23.3598],[-46.5307,-23.3612],[-46.5337,-23.3619],[-46.5354,-23.3633],[-46.5364,-23.3639],[-46.5377,-23.3668],[-46.5371,-23.3691],[-46.5389,-23.3706],[-46.542,-23.3739],[-46.5443,-23.3753],[-46.5452,-23.3768],[-46.5451,-23.3795],[-46.5447,-23.3808],[-46.5445,-23.3841],[-46.5457,-23.3856],[-46.5456,-23.387],[-46.5473,-23.3879],[-46.5501,-23.3911],[-46.5518,-23.3921],[-46.5538,-23.3949],[-46.5561,-23.3974],[-46.5563,-23.3986],[-46.555,-23.4016],[-46.5565,-23.4051],[-46.5561,-23.408],[-46.5564,-23.4096],[-46.5581,-23.4111],[-46.5598,-23.4108],[-46.5616,-23.4131],[-46.5631,-23.4131],[-46.5666,-23.4154],[-46.5669,-23.4164],[-46.5654,-23.4181],[-46.5661,-23.4188],[-46.5667,-23.4219],[-46.5657,-23.4274],[-46.567,-23.4295],[-46.5676,-23.4313],[-46.5685,-23.4324],[-46.5674,-23.4332],[-46.5666,-23.435],[-46.5649,-23.4357],[-46.5653,-23.4388],[-46.5653,-23.4415],[-46.5668,-23.4424],[-46.567,-23.4467],[-46.5686,-23.4494],[-46.5685,-23.4516],[-46.5704,-23.4542],[-46.5707,-23.4569],[-46.5705,-23.4588],[-46.5693,-23.4608],[-46.5678,-23.4647],[-46.5666,-23.4656],[-46.5653,-23.4687],[-46.5634,-23.4705],[-46.5617,-23.4728],[-46.5617,-23.4743],[-46.561,-23.4756],[-46.5608,-23.4777],[-46.5613,-23.4793],[-46.561,-23.4816],[-46.5614,-23.4841],[-46.5609,-23.4881],[-46.5599,-23.4897],[-46.56,-23.494],[-46.5605,-23.4964],[-46.562,-23.4992],[-46.5621,-23.5],[-46.5594,-23.5044],[-46.5591,-23.5071],[-46.5555,-23.5101],[-46.5533,-23.5078],[-46.5509,-23.507],[-46.547,-23.5064],[-46.5459,-23.5059],[-46.5436,-23.5037],[-46.5417,-23.5015],[-46.5414,-23.5004],[-46.5396,-23.4987],[-46.5363,-23.4964],[-46.5339,-23.4934],[-46.5285,-23.4912],[-46.5261,-23.4891],[-46.5233,-23.4855],[-46.5218,-23.4843],[-46.5203,-23.4842],[-46.5187,-23.4825],[-46.5164,-23.4813],[-46.5127,-23.4797],[-46.5111,-23.4788],[-46.5078,-23.4784],[-46.503,-23.4773],[-46.4989,-23.4769],[-46.4938,-23.476],[-46.4886,-23.4776],[-46.4855,-23.4771],[-46.48,-23.4769],[-46.4784,-23.4776],[-46.4749,-23.4784],[-46.4713,-23.4802],[-46.4659,-23.4823],[-46.4633,-23.4828],[-46.4605,-23.483],[-46.4585,-23.4825],[-46.4572,-23.4828],[-46.4513,-23.4818],[-46.4467,-23.4808],[-46.442,-23.4794],[-46.4396,-23.4801],[-46.4376,-23.4798],[-46.4352,-23.4786],[-46.4363,-23.4769],[-46.436,-23.4757],[-46.4335,-23.4764],[-46.4333,-23.4772],[-46.4298,-23.4758],[-46.4299,-23.4734],[-46.4265,-23.472],[-46.4248,-23.4727],[-46.4217,-23.4731],[-46.419,-23.4744],[-46.4184,-23.473],[-46.4152,-23.4726],[-46.4121,-23.4705],[-46.4106,-23.4704],[-46.4101,-23.4716],[-46.4078,-23.4722],[-46.4077,-23.4729],[-46.4097,-23.4741],[-46.4085,-23.4755],[-46.4081,-23.4769],[-46.4064,-23.4775],[-46.4059,-23.4763],[-46.4044,-23.4781],[-46.4056,-23.4794],[-46.404,-23.4808],[-46.4062,-23.4816],[-46.4066,-23.4851],[-46.4057,-23.4861],[-46.4034,-23.485],[-46.4011,-23.4868],[-46.4009,-23.4856],[-46.3997,-23.4832],[-46.3966,-23.4842],[-46.3952,-23.4827],[-46.3919,-23.4806],[-46.3887,-23.4823],[-46.3878,-23.482],[-46.3863,-23.4797],[-46.387,-23.4768],[-46.3863,-23.4758],[-46.3867,-23.4747]]]}},{"type":"Feature","id":"3522208","properties":{"ibge_code":"3522208","name":"Itapecerica da Serra","state_code":"SP"},"geometry":{"type":"Polygon","coordinates":[[[-46.7774,-23.7672],[-46.7753,-23.7659],[-46.7732,-23.7655],[-46.7712,-23.7636],[-46.7701,-23.7613],[-46.7692,-23.7578],[-46.7692,-23.7547],[-46.7699,-23.7529],[-46.7727,-23.7519],[-46.7757,-23.753],[-46.7766,-23.7524],[-46.777,-23.7506],[-46.7781,-23.7506],[-46.78,-23.7494],[-46.7815,-23.7507],[-46.7832,-23.7488],[-46.7857,-23.7471],[-46.787,-23.7467],[-46.7903,-23.744],[-46.7901,-23.7412],[-46.793,-23.7399],[-46.796,-23.7391],[-46.7956,-23.7359],[-46.7985,-23.7311],[-46.7985,-23.7291],[-46.7977,-23.728],[-46.7948,-23.7261],[-46.7943,-23.7247],[-46.7924,-23.7213],[-46.7927,-23.7204],[-46.7919,-23.7191],[-46.7925,-23.7183],[-46.7925,-23.7143],[-46.7932,-23.7133],[-46.7926,-23.7109],[-46.793,-23.7101],[-46.7921,-23.7063],[-46.7913,-23.705],[-46.7915,-23.7018],[-46.7927,-23.7005],[-46.7946,-23.7001],[-46.7982,-23.6987],[-46.8,-23.6985],[-46.7997,-23.6969],[-46.7975,-23.6964],[-46.797,-23.6954],[-46.798,-23.6938],[-46.7989,-23.6903],[-46.8015,-23.6866],[-46.8015,-23.6854],[-46.8033,-23.685],[-46.8047,-23.6859],[-46.8088,-23.6871],[-46.8118,-23.6873],[-46.8147,-23.6882],[-46.8166,-23.687],[-46.8199,-23.6873],[-46.8204,-23.6858],[-46.8222,-23.6846],[-46.8228,-23.6827],[-46.8233,-23.6787],[-46.8229,-23.6779],[-46.8268,-23.6758],[-46.8296,-23.6766],[-46.8329,-23.6785],[-46.8376,-23.6791],[-46.8431,-23.6811],[-46.8457,-23.6808],[-46.8475,-23.6823],[-46.8485,-23.6848],[-46.8493,-23.6853],[-46.8543,-23.6827],[-46.8597,-23.6835],[-46.8611,-23.6819],[-46.8626,-23.6816],[-46.8633,-23.6822],[-46.8664,-23.6827],[-46.8683,-23.6824],[-46.8712,-23.6833],[-46.8718,-23.6831],[-46.8725,-23.6799],[-46.8746,-23.678],[-46.8765,-23.6778],[-46.8807,-23.6752],[-46.8819,-23.6727],[-46.8835,-23.6714],[-46.8845,-23.6715],[-46.8875,-23.6678],[-46.8898,-23.6685],[-46.8915,-23.6701],[-46.892,-23.6712],[-46.8933,-23.6711],[-46.895,-23.6734],[-46.8953,-23.6751],[-46.8975,-23.6774],[-46.897,-23.6789],[-46.896,-23.6789],[-46.8956,-23.6803],[-46.8979,-23.6823],[-46.8985,-23.6874],[-46.8973,-23.6882],[-46.8985,-23.6892],[-46.9001,-23.6934],[-46.9002,-23.6956],[-46.901,-23.6966],[-46.9002,-23.6993],[-46.9007,-23.7008],[-46.902,-23.7021],[-46.9016,-23.703],[-46.9037,-23.7117],[-46.9049,-23.7127],[-46.9058,-23.7147],[-46.9097,-23.7199],[-46.9105,-23.7203],[-46.9146,-23.724],[-46.9155,-23.7251],[-46.9177,-23.7259],[-46.9214,-23.7261],[-46.9228,-23.7273],[-46.9229,-23.7313],[-46.9236,-23.7319],[-46.926,-23.7303],[-46.9281,-23.7305],[-46.9292,-23.7317],[-46.9307,-23.7323],[-46.9322,-23.734],[-46.9334,-23.7363],[-46.934,-23.7387],[-46.9335,-23.7401],[-46.9322,-23.7411],[-46.9307,-23.7439],[-46.9305,-23.7468],[-46.9275,-23.7498],[-46.9278,-23.7505],[-46.93,-23.7512],[-46.9301,-23.7524],[-46.9315,-23.7544],[-46.9309,-23.7571],[-46.9294,-23.7581],[-46.9308,-23.7611],[-46.9324,-23.7626],[-46.9338,-23.7649],[-46.9358,-23.7659],[-46.9352,-23.7682],[-46.9344,-23.7697],[-46.9341,-23.7716],[-46.9346,-23.7731],[-46.9357,-23.774],[-46.937,-23.7741],[-46.9378,-23.7766],[-46.9323,-23.7771],[-46.9315,-23.7789],[-46.9272,-23.7796],[-46.9197,-23.7821],[-46.9154,-23.7829],[-46.9152,-23.7856],[-46.914,-23.7876],[-46.9129,-23.7886],[-46.9118,-23.7865],[-46.9109,-23.783],[-46.9094,-23.7833],[-46.9085,-23.7858],[-46.9075,-23.787],[-46.9056,-23.7877],[-46.9041,-23.7891],[-46.9026,-23.7912],[-46.9005,-23.7916],[-46.8996,-23.7923],[-46.8985,-23.7943],[-46.8984,-23.7957],[-46.8971,-23.7961],[-46.8953,-23.7952],[-46.8938,-23.7955],[-46.8921,-23.7946],[-46.8909,-23.7947],[-46.8884,-23.7929],[-46.8856,-23.7925],[-46.8848,-23.7913],[-46.8835,-23.7915],[-46.8816,-23.7899],[-46.8801,-23.7917],[-46.8795,-23.7936],[-46.877,-23.7941],[-46.8754,-23.7948],[-46.872,-23.7972],[-46.8723,-23.7988],[-46.8715,-23.7996],[-46.8689,-23.7993],[-46.867,-23.8004],[-46.8656,-23.8027],[-46.8655,-23.8046],[-46.8633,-23.8043],[-46.8626,-23.802],[-46.8579,-23.8002],[-46.8571,-23.7987],[-46.8573,-23.7964],[-46.8558,-23.7946],[-46.8542,-23.7947],[-46.8528,-23.7958],[-46.8494,-23.7958],[-46.8491,-23.7931],[-46.8468,-23.7915],[-46.8442,-23.7874],[-46.8445,-23.7853],[-46.8424,-23.7835],[-46.8405,-23.7835],[-46.8395,-23.7814],[-46.8401,-23.78],[-46.8399,-23.7787],[-46.8388,-23.778],[-46.8365,-23.7799],[-46.8336,-23.7803],[-46.8309,-23.7793],[-46.829,-23.7766],[-46.8278,-23.7737],[-46.8254,-23.7711],[-46.8239,-23.7702],[-46.823,-23.7681],[-46.8206,-23.7672],[-46.817,-23.7673],[-46.815,-23.7687],[-46.8138,-23.7677],[-46.8127,-23.7683],[-46.8111,-23.7667],[-46.808,-23.7665],[-46.8067,-23.7668],[-46.8054,-23.768],[-46.8028,-23.7688],[-46.8009,-23.7705],[-46.7997,-23.7709],[-46.7962,-23.7692],[-46.7931,-23.7662],[-46.7905,-23.7665],[-46.7881,-23.7651],[-46.7867,-23.7661],[-46.7838,-23.7646],[-46.78,-23.7653],[-46.7774,-23.7672]]]}},{"type":"Feature","id":"3522505","properties":{"ibge_code":"3522505","name":"Itapevi","state_code":"SP"},"geometry":{"type":"Polygon","coordinates":[[[-46.9111,-23.5631],[-46.9102,-23.5625],[-46.9092,-23.5598],[-46.9079,-23.5585],[-46.9082,-23.5564],[-46.9074,-23.555],[-46.9076,-23.5536],[-46.9094,-23.5517],[-46.9105,-23.5525],[-46.9118,-23.5515],[-46.9126,-23.5497],[-46.9139,-23.5483],[-46.9156,-23.5475],[-46.917,-23.5459],[-46.9176,-23.5429],[-46.9169,-23.5405],[-46.9157,-23.5401],[-46.9157,-23.5385],[-46.9163,-23.5363],[-46.9172,-23.5347],[-46.9192,-23.5335],[-46.9203,-23.5313],[-46.92,-23.5294],[-46.919,-23.5285],[-46.9216,-23.5239],[-46.9225,-23.523],[-46.9242,-23.523],[-46.9254,-23.5239],[-46.928,-23.5241],[-46.929,-23.5235],[-46.9302,-23.5202],[-46.9303,-23.5183],[-46.929,-23.5177],[-46.9296,-23.5132],[-46.9328,-23.5128],[-46.9357,-23.5114],[-46.9421,-23.5075],[-46.9443,-23.5073],[-46.9455,-23.5048],[-46.9478,-23.5053],[-46.9493,-23.5045],[-46.9521,-23.5048],[-46.9523,-23.5054],[-46.9549,-23.5046],[-46.9562,-23.5035],[-46.9586,-23.5032],[-46.9616,-23.5],[-46.9645,-23.4987],[-46.9663,-23.5014],[-46.9673,-23.5017],[-46.9698,-23.5011],[-46.9718,-23.5015],[-46.9733,-23.5028],[-46.9754,-23.5024],[-46.9799,-23.5049],[-46.9831,-23.5038],[-46.9855,-23.5036],[-46.9871,-23.5046],[-46.9871,-23.5059],[-46.9889,-23.5081],[-46.9905,-23.5079],[-46.9918,-23.507],[-46.995,-23.507],[-46.9937,-23.5083],[-46.9936,-23.5109],[-46.9945,-23.512],[-46.995,-23.514],[-46.9964,-23.5152],[-46.996,-23.5185],[-46.997,-23.522],[-46.9956,-23.5229],[-46.9955,-23.524],[-46.9933,-23.5242],[-46.992,-23.5252],[-46.9926,-23.5267],[-46.9911,-23.5273],[-46.9916,-23.5294],[-46.9937,-23.5306],[-46.9956,-23.5311],[-46.9968,-23.5321],[-46.9996,-23.5326],[-47.0017,-23.5326],[-47.0032,-23.5333],[-47.0054,-23.5335],[-47.0069,-23.535],[-47.009,-23.536],[-47.0126,-23.5361],[-47.0136,-23.5412],[-47.0127,-23.5441],[-47.0129,-23.5456],[-47.0119,-23.5504],[-47.0082,-23.5507],[-47.0066,-23.552],[-47.006,-23.5537],[-47.0067,-23.5549],[-47.0112,-23.5579],[-47.0155,-23.5608],[-47.0144,-23.5625],[-47.0149,-23.5636],[-47.0189,-23.5643],[-47.0207,-23.5674],[-47.0236,-23.5668],[-47.0251,-23.567],[-47.0266,-23.5681],[-47.0296,-23.5678],[-47.0295,-23.5715],[-47.0272,-23.5734],[-47.0247,-23.5762],[-47.0245,-23.5796],[-47.0254,-23.5806],[-47.0281,-23.5813],[-47.0225,-23.582],[-47.0211,-23.5857],[-47.0202,-23.586],[-47.0183,-23.5851],[-47.015,-23.581],[-47.0111,-23.5806],[-47.0098,-23.5801],[-47.0086,-23.5783],[-47.0076,-23.578],[-47.0056,-23.5789],[-47.0042,-23.58],[-47.0026,-23.5796],[-47.0012,-23.5805],[-46.9991,-23.5804],[-46.9968,-23.5795],[-46.9966,-23.5809],[-46.9995,-23.5852],[-47.0002,-23.5871],[-46.9996,-23.589],[-47.0003,-23.5903],[-46.9993,-23.5915],[-46.9991,-23.593],[-46.9975,-23.5942],[-46.9941,-23.5943],[-46.9921,-23.5947],[-46.9923,-23.5961],[-46.9904,-23.5978],[-46.9893,-23.5997],[-46.99,-23.6014],[-46.9895,-23.6026],[-46.9882,-23.6029],[-46.9849,-23.6028],[-46.9833,-23.6014],[-46.9815,-23.6022],[-46.9771,-23.6017],[-46.9743,-23.6037],[-46.9732,-23.6037],[-46.9717,-23.6022],[-46.9706,-23.6018],[-46.9651,-23.6013],[-46.9617,-23.6025],[-46.9587,-23.5995],[-46.9575,-23.597],[-46.9577,-23.5936],[-46.9568,-23.5907],[-46.9557,-23.5896],[-46.9521,-23.5877],[-46.9509,-23.5865],[-46.9488,-23.5862],[-46.9481,-23.5851],[-46.9469,-23.5807],[-46.9452,-23.5789],[-46.9402,-23.5753],[-46.9407,-23.5736],[-46.9405,-23.5717],[-46.9398,-23.5709],[-46.9355,-23.5692],[-46.9339,-23.5689],[-46.9325,-23.5675],[-46.9293,-23.5656],[-46.9291,-23.5634],[-46.9253,-23.5645],[-46.9219,-23.564],[-46.9187,-23.5654],[-46.9166,-23.5643],[-46.9131,-23.5637],[-46.9111,-23.5631]]]}},{"type":"Feature","id":"3523107","properties":{"ibge_code":"3523107","name":"Itaquaquecetuba","state_code":"SP"},"geometry":{"type":"Polygon","coordinates":[[[-46.2881,-23.4896],[-46.2891,-23.4886],[-46.2899,-23.4862],[-46.2895,-23.4849],[-46.2875,-23.4835],[-46.2863,-23.4819],[-46.2851,-23.4815],[-46.2826,-23.4819],[-46.2812,-23.4812],[-46.2816,-23.4782],[-46.2814,-23.477],[-46.2822,-23.4733],[-46.2835,-23.47],[-46.2848,-23.4693],[-46.2861,-23.4662],[-46.2862,-23.4609],[-46.287,-23.46],[-46.2852,-23.459],[-46.2836,-23.459],[-46.2828,-23.458],[-46.2805,-23.4575],[-46.2796,-23.4569],[-46.2784,-23.455],[-46.2779,-23.4529],[-46.2762,-23.452],[-46.2741,-23.4501],[-46.2749,-23.4489],[-46.2741,-23.448],[-46.2759,-23.4465],[-46.2733,-23.445],[-46.2727,-23.4417],[-46.2732,-23.4377],[-46.2717,-23.4356],[-46.2706,-23.4299],[-46.2725,-23.4291],[-46.2732,-23.4295],[-46.2741,-23.4323],[-46.2755,-23.4338],[-46.2769,-23.4343],[-46.2777,-23.4333],[-46.2795,-23.4344],[-46.2808,-23.4341],[-46.2846,-23.4353],[-46.2877,-23.434],[-46.2886,-23.4345],[-46.2905,-23.4328],[-46.2925,-23.4318],[-46.2927,-23.4303],[-46.2936,-23.4298],[-46.2958,-23.4311],[-46.2975,-23.4309],[-46.298,-23.429],[-46.2992,-23.4273],[-46.3018,-23.4265],[-46.303,-23.4246],[-46.3087,-23.4237],[-46.3101,-23.424],[-46.3113,-23.4232],[-46.3119,-23.4168],[-46.3129,-23.4161],[-46.3141,-23.4165],[-46.3153,-23.419],[-46.3166,-23.4199],[-46.3169,-23.4229],[-46.3175,-23.4239],[-46.3199,-23.4243],[-46.3223,-23.4255],[-46.3249,-23.4248],[-46.3257,-23.4238],[-46.3281,-23.4247],[-46.3369,-23.4229],[-46.3401,-23.4236],[-46.3409,-23.4224],[-46.3459,-23.4206],[-46.349,-23.42],[-46.3525,-23.4209],[-46.3545,-23.4227],[-46.3553,-23.4269],[-46.3574,-23.4289],[-46.3579,-23.4298],[-46.3575,-23.4316],[-46.3574,-23.4348],[-46.3584,-23.4373],[-46.3596,-23.4385],[-46.3616,-23.4362],[-46.363,-23.4352],[-46.3649,-23.4356],[-46.3663,-23.4375],[-46.3676,-23.4374],[-46.3695,-23.4358],[-46.3701,-23.434],[-46.3715,-23.4338],[-46.3758,-23.4322],[-46.3762,-23.4329],[-46.378,-23.433],[-46.3797,-23.4341],[-46.3827,-23.4331],[-46.3846,-23.4352],[-46.387,-23.436],[-46.3881,-23.4378],[-46.3865,-23.4394],[-46.3847,-23.4396],[-46.3835,-23.4439],[-46.3849,-23.4455],[-46.3887,-23.4451],[-46.3895,-23.4484],[-46.3909,-23.4489],[-46.3938,-23.4486],[-46.3942,-23.4472],[-46.3967,-23.4461],[-46.3973,-23.4478],[-46.3965,-23.4488],[-46.395,-23.4521],[-46.393,-23.4536],[-46.3925,-23.4545],[-46.3933,-23.4572],[-46.392,-23.4589],[-46.3923,-23.461],[-46.3912,-23.4634],[-46.3895,-23.4656],[-46.3885,-23.4697],[-46.3889,-23.4712],[-46.3864,-23.473],[-46.3867,-23.4747],[-46.3836,-23.4755],[-46.3843,-23.4741],[-46.3819,-23.4721],[-46.3812,-23.4756],[-46.3798,-23.478],[-46.3787,-23.4788],[-46.3786,-23.481],[-46.3769,-23.4848],[-46.3737,-23.4898],[-46.3716,-23.4924],[-46.3699,-23.495],[-46.3693,-23.4975],[-46.3672,-23.5],[-46.3651,-23.5038],[-46.366,-23.5087],[-46.3658,-23.5099],[-46.3664,-23.5122],[-46.3654,-23.5119],[-46.3595,-23.5083],[-46.3567,-23.5071],[-46.3536,-23.5048],[-46.3508,-23.5076],[-46.3468,-23.5079],[-46.3397,-23.5072],[-46.3367,-23.5063],[-46.3299,-23.5057],[-46.3295,-23.5032],[-46.3306,-23.5022],[-46.3304,-23.5001],[-46.3321,-23.5011],[-46.3328,-23.4995],[-46.3352,-23.501],[-46.3361,-23.4997],[-46.3343,-23.4974],[-46.3355,-23.4956],[-46.334,-23.4948],[-46.3337,-23.4933],[-46.3311,-23.4889],[-46.3285,-23.4886],[-46.3243,-23.4905],[-46.3223,-23.4908],[-46.3203,-23.4918],[-46.3156,-23.4919],[-46.314,-23.4927],[-46.3105,-23.4925],[-46.3097,-23.4917],[-46.3062,-23.4927],[-46.3052,-23.495],[-46.304,-23.4957],[-46.3021,-23.4953],[-46.301,-23.4962],[-46.2993,-23.4958],[-46.2986,-23.4964],[-46.2972,-23.4952],[-46.2946,-23.4946],[-46.2913,-23.4918],[-46.2881,-23.4896]]]}},{"type":"Feature","id":"3525003","properties":{"ibge_code":"3525003","name":"Jandira","state_code":"SP"},"geometry":{"type":"Polygon","coordinates":[[[-46.9296,-23.5132],[-46.929,-23.5177],[-46.9303,-23.5183],[-46.9302,-23.5202],[-46.929,-23.5235],[-46.928,-23.5241],[-46.9254,-23.5239],[-46.9242,-23.523],[-46.9225,-23.523],[-46.9216,-23.5239],[-46.919,-23.5285],[-46.92,-23.5294],[-46.9203,-23.5313],[-46.9192,-23.5335],[-46.9172,-23.5347],[-46.9163,-23.5363],[-46.9157,-23.5385],[-46.9157,-23.5401],[-46.9169,-23.5405],[-46.9176,-23.5429],[-46.917,-23.5459],[-46.9156,-23.5475],[-46.9139,-23.5483],[-46.9126,-23.5497],[-46.9118,-23.5515],[-46.9105,-23.5525],[-46.9094,-23.5517],[-46.9076,-23.5536],[-46.9074,-23.555],[-46.9082,-23.5564],[-46.9079,-23.5585],[-46.9092,-23.5598],[-46.9102,-23.5625],[-46.9111,-23.5631],[-46.9091,-23.5661],[-46.9071,-23.5675],[-46.9025,-23.5686],[-46.8994,-23.5687],[-46.8947,-23.5684],[-46.8912,-23.5675],[-46.8895,-23.5676],[-46.8865,-23.5694],[-46.8842,-23.5691],[-46.8805,-23.5668],[-46.876,-23.5653],[-46.8753,-23.561],[-46.8715,-23.5615],[-46.8709,-23.5608],[-46.8725,-23.5586],[-46.8721,-23.5563],[-46.8724,-23.5543],[-46.8694,-23.5541],[-46.8669,-23.5551],[-46.8663,-23.554],[-46.8636,-23.5547],[-46.8626,-23.5525],[-46.8612,-23.5516],[-46.8608,-23.5503],[-46.8617,-23.5463],[-46.8606,-23.5448],[-46.8658,-23.547],[-46.8669,-23.5482],[-46.8698,-23.5486],[-46.8726,-23.5504],[-46.8741,-23.5503],[-46.8764,-23.5485],[-46.8783,-23.5493],[-46.8806,-23.5512],[-46.8814,-23.5524],[-46.8864,-23.5532],[-46.8882,-23.5523],[-46.8907,-23.5501],[-46.891,-23.5479],[-46.8901,-23.5453],[-46.8911,-23.5422],[-46.8927,-23.5404],[-46.894,-23.5398],[-46.8946,-23.5385],[-46.894,-23.5366],[-46.8922,-23.5338],[-46.8918,-23.5315],[-46.8934,-23.5286],[-46.8941,-23.5258],[-46.8961,-23.5243],[-46.897,-23.5249],[-46.8999,-23.5239],[-46.9017,-23.5222],[-46.9032,-23.5195],[-46.9054,-23.5202],[-46.9072,-23.52],[-46.9086,-23.5216],[-46.9104,-23.5216],[-46.9132,-23.5202],[-46.9144,-23.5186],[-46.9144,-23.5167],[-46.9153,-23.5145],[-46.9152,-23.5125],[-46.9175,-23.5125],[-46.9206,-23.5141],[-46.9218,-23.514],[-46.9231,-23.513],[-46.924,-23.5143],[-46.9252,-23.5146],[-46.9296,-23.5132]]]}},{"type":"Feature","id":"3526209","properties":{"ibge_code":"3526209","name":"Juquitiba","state_code":"SP"},"geometry":{"type":"Polygon","coordinates":[[[-47.1271,-24.0087],[-47.1232,-24.0084],[-47.1224,-24.0079],[-47.1224,-24.0018],[-47.1227,-24.0001],[-47.1246,-23.9976],[-47.1218,-23.9965],[-47.1202,-23.9976],[-47.1184,-23.9979],[-47.1165,-23.9964],[-47.1143,-23.9968],[-47.1071,-23.9938],[-47.1051,-23.995],[-47.1042,-23.9968],[-47.1004,-23.9972],[-47.0984,-23.9983],[-47.0998,-24.0002],[-47.0999,-24.0024],[-47.099,-24.0038],[-47.0993,-24.0058],[-47.0966,-24.0062],[-47.0953,-24.0069],[-47.0948,-24.0093],[-47.0942,-24.01],[-47.0924,-24.0102],[-47.0921,-24.0141],[-47.0923,-24.0164],[-47.0915,-24.0176],[-47.0887,-24.0173],[-47.0864,-24.0186],[-47.0836,-24.0194],[-47.0804,-24.0214],[-47.0773,-24.0222],[-47.0743,-24.0239],[-47.0714,-24.024],[-47.0684,-24.0254],[-47.0644,-24.0227],[-47.0638,-24.0203],[-47.0649,-24.0189],[-47.0644,-24.018],[-47.0617,-24.0167],[-47.0586,-24.0124],[-47.0575,-24.0102],[-47.056,-24.0096],[-47.0539,-24.0108],[-47.0521,-24.0129],[-47.0506,-24.0135],[-47.0488,-24.015],[-47.0476,-24.017],[-47.0463,-24.0182],[-47.0459,-24.0196],[-47.0459,-24.022],[-47.0464,-24.0232],[-47.0462,-24.0256],[-47.0453,-24.0258],[-47.0429,-24.0247],[-47.0407,-24.0243],[-47.0402,-24.0248],[-47.0396,-24.028],[-47.0381,-24.0284],[-47.0378,-24.0296],[-47.0366,-24.0303],[-47.0343,-24.0308],[-47.032,-24.0349],[-47.031,-24.0394],[-47.0299,-24.0422],[-47.0274,-24.0422],[-47.0267,-24.043],[-47.0261,-24.0471],[-47.0271,-24.0488],[-47.0272,-24.0516],[-47.0262,-24.0529],[-47.0237,-24.0544],[-47.023,-24.0542],[-47.0212,-24.0555],[-47.0202,-24.0578],[-47.0189,-24.0585],[-47.0171,-24.0567],[-47.0158,-24.0574],[-47.0144,-24.0595],[-47.0116,-24.0605],[-47.0093,-24.0629],[-47.0064,-24.0639],[-47.0022,-24.0563],[-46.9978,-24.0521],[-46.9958,-24.0528],[-46.9939,-24.0566],[-46.9914,-24.0585],[-46.9897,-24.0588],[-46.9863,-24.0579],[-46.9836,-24.0581],[-46.9821,-24.0595],[-46.9812,-24.0623],[-46.9804,-24.0635],[-46.9786,-24.0643],[-46.9768,-24.0625],[-46.9734,-24.0611],[-46.9707,-24.0616],[-46.9691,-24.0606],[-46.9685,-24.0593],[-46.9647,-24.0584],[-46.9636,-24.0563],[-46.9638,-24.0551],[-46.9652,-24.0544],[-46.9667,-24.0546],[-46.9673,-24.0532],[-46.9671,-24.0508],[-46.965,-24.0484],[-46.9675,-24.0474],[-46.9682,-24.0462],[-46.9678,-24.0447],[-46.965,-24.0433],[-46.9631,-24.0458],[-46.9608,-24.0459],[-46.9588,-24.0449],[-46.9568,-24.0449],[-46.954,-24.0438],[-46.953,-24.0452],[-46.9515,-24.0443],[-46.9505,-24.0425],[-46.9488,-24.0425],[-46.9461,-24.0436],[-46.9458,-24.0406],[-46.9438,-24.0406],[-46.9405,-24.04],[-46.9397,-24.0388],[-46.9419,-24.0364],[-46.9402,-24.0349],[-46.938,-24.0337],[-46.9362,-24.0334],[-46.9354,-24.0349],[-46.9342,-24.0357],[-46.9336,-24.0375],[-46.9339,-24.0388],[-46.9326,-24.0422],[-46.9303,-24.0445],[-46.9282,-24.045],[-46.9266,-24.044],[-46.9237,-24.043],[-46.9227,-24.042],[-46.9206,-24.0415],[-46.9166,-24.0437],[-46.9148,-24.0432],[-46.9113,-24.0415],[-46.9098,-24.0419],[-46.9088,-24.0435],[-46.9084,-24.045],[-46.9069,-24.0456],[-46.9051,-24.0451],[-46.9035,-24.0451],[-46.9003,-24.0461],[-46.8998,-24.0443],[-46.8979,-24.0416],[-46.8962,-24.0412],[-46.894,-24.0417],[-46.8929,-24.0411],[-46.8922,-24.0397],[-46.8906,-24.0385],[-46.8893,-24.0386],[-46.8882,-24.0367],[-46.8893,-24.0359],[-46.8916,-24.0366],[-46.8933,-24.0361],[-46.893,-24.0342],[-46.8903,-24.0312],[-46.8855,-24.0286],[-46.8846,-24.0271],[-46.8853,-24.0244],[-46.8826,-24.0233],[-46.88,-24.0239],[-46.8775,-24.0238],[-46.876,-24.0242],[-46.8747,-24.0227],[-46.8733,-24.0229],[-46.8719,-24.0239],[-46.8709,-24.022],[-46.8698,-24.0209],[-46.8683,-24.0208],[-46.8677,-24.0192],[-46.8694,-24.0165],[-46.8719,-24.0166],[-46.8733,-24.0161],[-46.8734,-24.014],[-46.8691,-24.0111],[-46.8685,-24.0096],[-46.8697,-24.0086],[-46.8701,-24.007],[-46.8699,-24.0051],[-46.8707,-24.0025],[-46.8692,-24.0007],[-46.871,-23.9986],[-46.8726,-23.9991],[-46.8739,-24.0019],[-46.8751,-24.0018],[-46.8772,-23.9988],[-46.8776,-23.9974],[-46.8786,-23.9964],[-46.879,-23.9948],[-46.8814,-23.9934],[-46.882,-23.9905],[-46.883,-23.9896],[-46.8828,-23.9871],[-46.8831,-23.9852],[-46.8815,-23.9831],[-46.8799,-23.9831],[-46.8751,-23.9793],[-46.8736,-23.9786],[-46.8725,-23.9793],[-46.8676,-23.9801],[-46.8653,-23.9777],[-46.8629,-23.9759],[-46.8623,-23.9742],[-46.8607,-23.9738],[-46.8578,-23.9739],[-46.8566,-23.9726],[-46.8553,-23.9735],[-46.8539,-23.9715],[-46.8513,-23.97],[-46.849,-23.9663],[-46.8486,-23.9651],[-46.8452,-23.9627],[-46.8409,-23.9625],[-46.8396,-23.962],[-46.8386,-23.9586],[-46.8348,-23.9563],[-46.8329,-23.9564],[-46.8303,-23.9572],[-46.8272,-23.957],[-46.8238,-23.9562],[-46.823,-23.9552],[-46.8238,-23.9538],[-46.825,-23.953],[-46.826,-23.9514],[-46.8275,-23.9514],[-46.83,-23.9485],[-46.8299,-23.9473],[-46.8271,-23.9465],[-46.8223,-23.9445],[-46.8202,-23.9422],[-46.8172,-23.9435],[-46.8156,-23.9407],[-46.8136,-23.9398],[-46.8087,-23.9401],[-46.8067,-23.9394],[-46.8069,-23.9382],[-46.8074,-23.9365],[-46.807,-23.9346],[-46.808,-23.9326],[-46.8083,-23.9308],[-46.808,-23.9293],[-46.8101,-23.923],[-46.8107,-23.9205],[-46.8129,-23.9196],[-46.8158,-23.9215],[-46.8192,-23.9251],[-46.8197,-23.9269],[-46.8212,-23.9283],[-46.8235,-23.9292],[-46.8248,-23.928],[-46.8278,-23.9316],[-46.8303,-23.9322],[-46.8309,-23.9333],[-46.8328,-23.9342],[-46.8365,-23.9341],[-46.8376,-23.9355],[-46.8395,-23.9346],[-46.8407,-23.935],[-46.8411,-23.9368],[-46.8428,-23.9378],[-46.8437,-23.9351],[-46.8446,-23.935],[-46.8464,-23.9362],[-46.8488,-23.9361],[-46.8491,-23.9376],[-46.8499,-23.9385],[-46.8537,-23.9379],[-46.8542,-23.9394],[-46.856,-23.9382],[-46.858,-23.939],[-46.8588,-23.9384],[-46.8597,-23.9355],[-46.861,-23.9361],[-46.8627,-23.9356],[-46.8633,-23.9337],[-46.8643,-23.9334],[-46.8671,-23.934],[-46.869,-23.9355],[-46.8703,-23.936],[-46.8722,-23.9355],[-46.8729,-23.9333],[-46.8732,-23.9301],[-46.8741,-23.9293],[-46.878,-23.9284],[-46.8796,-23.9283],[-46.8822,-23.93],[-46.8848,-23.9312],[-46.8858,-23.9332],[-46.8874,-23.9339],[-46.8894,-23.933],[-46.891,-23.9348],[-46.8926,-23.9359],[-46.8932,-23.9379],[-46.8966,-23.9388],[-46.8983,-23.9387],[-46.8993,-23.9406],[-46.903,-23.9399],[-46.9036,-23.9416],[-46.905,-23.9412],[-46.907,-23.9368],[-46.908,-23.9359],[-46.9098,-23.9365],[-46.9115,-23.9356],[-46.9122,-23.9344],[-46.9131,-23.9355],[-46.9131,-23.937],[-46.9158,-23.9383],[-46.9171,-23.9351],[-46.9186,-23.9337],[-46.9199,-23.9336],[-46.921,-23.935],[-46.9212,-23.9365],[-46.9242,-23.9369],[-46.9274,-23.9356],[-46.9313,-23.9349],[-46.9318,-23.934],[-46.9339,-23.9334],[-46.9348,-23.9311],[-46.9365,-23.9307],[-46.9374,-23.9294],[-46.9397,-23.9289],[-46.942,-23.9307],[-46.9436,-23.9311],[-46.9466,-23.9289],[-46.9467,-23.9274],[-46.948,-23.9263],[-46.9494,-23.9243],[-46.9494,-23.9229],[-46.9511,-23.9216],[-46.9512,-23.92],[-46.9502,-23.9178],[-46.951,-23.9172],[-46.9517,-23.9141],[-46.9511,-23.9112],[-46.9517,-23.9106],[-46.9546,-23.91],[-46.9554,-23.9084],[-46.9543,-23.9074],[-46.9545,-23.9048],[-46.9551,-23.9039],[-46.9566,-23.9002],[-46.9585,-23.8997],[-46.9619,-23.9002],[-46.9623,-23.8966],[-46.9632,-23.8957],[-46.9639,-23.8933],[-46.9657,-23.8935],[-46.968,-23.8927],[-46.969,-23.8914],[-46.9712,-23.8904],[-46.9722,-23.888],[-46.974,-23.8871],[-46.9754,-23.8887],[-46.9779,-23.8889],[-46.9813,-23.8914],[-46.9809,-23.8931],[-46.983,-23.895],[-46.985,-23.8949],[-46.9858,-23.8938],[-46.9873,-23.8948],[-46.988,-23.8931],[-46.9909,-23.8941],[-46.9914,-23.8917],[-46.9892,-23.891],[-46.9884,-23.8892],[-46.9893,-23.8872],[-46.9912,-23.8857],[-46.991,-23.8849],[-46.9934,-23.8846],[-46.9943,-23.8835],[-46.9939,-23.8816],[-46.9959,-23.8787],[-46.9961,-23.8758],[-46.9973,-23.8743],[-46.9967,-23.873],[-46.9976,-23.8721],[-46.9999,-23.8718],[-47.0021,-23.8697],[-47.0022,-23.8671],[-47.0041,-23.8678],[-47.006,-23.867],[-47.0099,-23.8624],[-47.0112,-23.8613],[-47.0116,-23.8582],[-47.0127,-23.8591],[-47.0152,-23.8582],[-47.0168,-23.8561],[-47.0189,-23.8553],[-47.0221,-23.852],[-47.0237,-23.8511],[-47.0251,-23.8489],[-47.0261,-23.8482],[-47.0277,-23.8484],[-47.0287,-23.8475],[-47.0288,-23.8462],[-47.0301,-23.8459],[-47.0303,-23.8446],[-47.0325,-23.8438],[-47.0336,-23.8419],[-47.0359,-23.8402],[-47.0352,-23.8379],[-47.0376,-23.8363],[-47.0405,-23.8358],[-47.0424,-23.8363],[-47.0438,-23.8377],[-47.0446,-23.8398],[-47.0474,-23.8409],[-47.0486,-23.8417],[-47.0496,-23.8436],[-47.0529,-23.8443],[-47.0553,-23.844],[-47.0566,-23.8417],[-47.0584,-23.8434],[-47.0596,-23.843],[-47.0617,-23.841],[-47.0634,-23.8406],[-47.0642,-23.8389],[-47.0655,-23.838],[-47.0667,-23.8395],[-47.0657,-23.843],[-47.0673,-23.8437],[-47.0689,-23.8434],[-47.0717,-23.8419],[-47.0726,-23.8419],[-47.0744,-23.8434],[-47.0778,-23.8437],[-47.0791,-23.8432],[-47.0802,-23.844],[-47.0836,-23.8447],[-47.089,-23.847],[-47.0908,-23.8466],[-47.0922,-23.8474],[-47.0942,-23.8471],[-47.0956,-23.8458],[-47.0997,-23.8476],[-47.1019,-23.8472],[-47.103,-23.8488],[-47.1071,-23.8485],[-47.1077,-23.8479],[-47.1078,-23.846],[-47.109,-23.8454],[-47.1103,-23.8424],[-47.1112,-23.8422],[-47.1127,-23.8434],[-47.114,-23.8429],[-47.114,-23.8412],[-47.1149,-23.8402],[-47.1173,-23.8411],[-47.1178,-23.8427],[-47.1169,-23.8433],[-47.1186,-23.8482],[-47.1182,-23.8499],[-47.1207,-23.8516],[-47.1224,-23.852],[-47.1239,-23.8539],[-47.1229,-23.8555],[-47.1233,-23.8571],[-47.1251,-23.8579],[-47.1247,-23.8599],[-47.1291,-23.8606],[-47.1298,-23.8628],[-47.1293,-23.864],[-47.1302,-23.8655],[-47.1299,-23.8674],[-47.1309,-23.8685],[-47.1323,-23.8718],[-47.1328,-23.8737],[-47.1305,-23.8739],[-47.1289,-23.8751],[-47.1274,-23.8743],[-47.1266,-23.8748],[-47.1273,-23.8766],[-47.1296,-23.8788],[-47.1319,-23.8784],[-47.1342,-23.8803],[-47.1347,-23.8818],[-47.1333,-23.8826],[-47.1347,-23.8852],[-47.1373,-23.8862],[-47.1371,-23.8886],[-47.1383,-23.8889],[-47.1386,-23.8902],[-47.1366,-23.8901],[-47.1351,-23.8915],[-47.1354,-23.8925],[-47.1349,-23.8944],[-47.1391,-23.8999],[-47.1411,-23.9004],[-47.1427,-23.9002],[-47.1438,-23.9017],[-47.1417,-23.9016],[-47.1396,-23.9034],[-47.138,-23.9033],[-47.1388,-23.9055],[-47.1402,-23.9061],[-47.1427,-23.9087],[-47.1424,-23.9113],[-47.1437,-23.9125],[-47.1463,-23.9128],[-47.1484,-23.9144],[-47.1497,-23.9174],[-47.1534,-23.9207],[-47.1556,-23.9208],[-47.1562,-23.9216],[-47.1558,-23.9237],[-47.1579,-23.9261],[-47.1584,-23.929],[-47.1584,-23.9322],[-47.1592,-23.9346],[-47.16,-23.9356],[-47.1613,-23.9358],[-47.1622,-23.9343],[-47.1653,-23.9346],[-47.1708,-23.9346],[-47.1731,-23.9337],[-47.1747,-23.9322],[-47.1757,-23.9318],[-47.1787,-23.9331],[-47.1791,-23.9343],[-47.1782,-23.9356],[-47.1784,-23.937],[-47.1803,-23.9365],[-47.1806,-23.935],[-47.1818,-23.9338],[-47.1825,-23.931],[-47.1843,-23.9299],[-47.1865,-23.9312],[-47.188,-23.9311],[-47.1897,-23.9288],[-47.1913,-23.9281],[-47.1921,-23.9287],[-47.1918,-23.9329],[-47.1914,-23.9338],[-47.1895,-23.9345],[-47.1888,-23.9382],[-47.189,-23.9396],[-47.1927,-23.9409],[-47.1943,-23.942],[-47.197,-23.9405],[-47.1984,-23.9389],[-47.2001,-23.9387],[-47.2001,-23.9407],[-47.2013,-23.9418],[-47.2017,-23.9467],[-47.2009,-23.9491],[-47.1997,-23.9497],[-47.1982,-23.9492],[-47.1975,-23.953],[-47.1966,-23.9535],[-47.1942,-23.9533],[-47.1955,-23.9564],[-47.1956,-23.9582],[-47.1969,-23.9587],[-47.2013,-23.9587],[-47.2032,-23.9594],[-47.2055,-23.9608],[-47.2084,-23.9645],[-47.2062,-23.9658],[-47.2054,-23.9677],[-47.2061,-23.9694],[-47.2053,-23.9708],[-47.2032,-23.9711],[-47.2018,-23.9692],[-47.2008,-23.9689],[-47.1998,-23.97],[-47.2012,-23.9727],[-47.1992,-23.9722],[-47.1971,-23.9737],[-47.1971,-23.9757],[-47.1953,-23.9748],[-47.1938,-23.978],[-47.1934,-23.9803],[-47.1944,-23.9823],[-47.1923,-23.9839],[-47.1913,-23.9862],[-47.1901,-23.9876],[-47.1901,-23.9891],[-47.1887,-23.9904],[-47.19,-23.9919],[-47.1928,-23.9913],[-47.195,-23.9923],[-47.1966,-23.9948],[-47.1971,-23.9963],[-47.2005,-23.9984],[-47.2,-24.0006],[-47.1975,-24.0015],[-47.1922,-23.9984],[-47.1902,-23.9991],[-47.1889,-24.0003],[-47.1878,-24.0025],[-47.1852,-24.0015],[-47.1841,-24.0017],[-47.1831,-24.0008],[-47.1812,-24.0015],[-47.1781,-24.0034],[-47.1757,-24.0031],[-47.1743,-24.0036],[-47.1717,-24.0036],[-47.1692,-24.0021],[-47.1666,-24.0032],[-47.1649,-24.0029],[-47.1638,-24.0037],[-47.1617,-24.0033],[-47.1608,-24.0042],[-47.1591,-24.0043],[-47.1575,-24.0064],[-47.1533,-24.0062],[-47.153,-24.0076],[-47.1506,-24.0105],[-47.1495,-24.0101],[-47.1468,-24.0117],[-47.144,-24.0112],[-47.1424,-24.0114],[-47.1418,-24.0128],[-47.1398,-24.0141],[-47.1378,-24.0141],[-47.1345,-24.0116],[-47.1316,-24.0104],[-47.1306,-24.0092],[-47.1292,-24.0094],[-47.1271,-24.0087]]]}},{"type":"Feature","id":"3528502","properties":{"ibge_code":"3528502","name":"Mairiporã","state_code":"SP"},"geometry":{"type":"Polygon","coordinates":[[[-46.5154,-23.2375],[-46.5167,-23.2385],[-46.5204,-23.2374],[-46.5231,-23.2379],[-46.5255,-23.2388],[-46.5284,-23.2414],[-46.5301,-23.2414],[-46.5323,-23.2405],[-46.535,-23.2404],[-46.5396,-23.2398],[-46.5421,-23.2403],[-46.5454,-23.2414],[-46.5471,-23.2412],[-46.5488,-23.2402],[-46.5514,-23.2394],[-46.5523,-23.237],[-46.5539,-23.2361],[-46.5575,-23.2353],[-46.5592,-23.2352],[-46.562,-23.2359],[-46.563,-23.2365],[-46.5669,-23.2358],[-46.5683,-23.2337],[-46.5727,-23.2333],[-46.5753,-23.2325],[-46.5789,-23.2325],[-46.5837,-23.2329],[-46.5856,-23.2343],[-46.5876,-23.2346],[-46.5892,-23.2356],[-46.5899,-23.2367],[-46.5937,-23.2365],[-46.599,-23.2353],[-46.6013,-23.2342],[-46.6036,-23.2352],[-46.6043,-23.2349],[-46.6049,-23.2319],[-46.6049,-23.2296],[-46.6058,-23.2277],[-46.6077,-23.2263],[-46.6097,-23.2258],[-46.6151,-23.2273],[-46.6156,-23.2279],[-46.6145,-23.2301],[-46.6148,-23.2315],[-46.617,-23.2333],[-46.6183,-23.2385],[-46.6175,-23.2401],[-46.6189,-23.2416],[-46.6218,-23.2422],[-46.6228,-23.2457],[-46.6224,-23.2506],[-46.6227,-23.2527],[-46.6222,-23.2543],[-46.6228,-23.2567],[-46.624,-23.2571],[-46.6264,-23.2562],[-46.6301,-23.259],[-46.6333,-23.2582],[-46.6347,-23.2575],[-46.6371,-23.2581],[-46.6377,-23.2607],[-46.6376,-23.2636],[-46.6386,-23.2655],[-46.6413,-23.2648],[-46.643,-23.2654],[-46.6448,-23.2681],[-46.6456,-23.2706],[-46.6477,-23.2726],[-46.6476,-23.2753],[-46.6493,-23.2761],[-46.6527,-23.277],[-46.654,-23.2769],[-46.656,-23.2784],[-46.6579,-23.2777],[-46.6592,-23.2779],[-46.6608,-23.2811],[-46.6605,-23.2823],[-46.659,-23.2834],[-46.6578,-23.2833],[-46.6531,-23.2844],[-46.6518,-23.2875],[-46.6504,-23.2882],[-46.6491,-23.2875],[-46.6475,-23.2876],[-46.6466,-23.2901],[-46.6469,-23.2933],[-46.6466,-23.2953],[-46.6458,-23.2961],[-46.6418,-23.2987],[-46.6387,-23.3003],[-46.6362,-23.3039],[-46.6358,-23.3053],[-46.6372,-23.3065],[-46.6409,-23.3083],[-46.6427,-23.3101],[-46.6427,-23.3113],[-46.6454,-23.3119],[-46.6457,-23.314],[-46.6452,-23.3167],[-46.6453,-23.3186],[-46.6491,-23.3202],[-46.6516,-23.3217],[-46.6542,-23.3217],[-46.6626,-23.3245],[-46.6634,-23.3257],[-46.6629,-23.3271],[-46.6606,-23.3286],[-46.6589,-23.329],[-46.6579,-23.3303],[-46.658,-23.3313],[-46.66,-23.3335],[-46.6608,-23.3348],[-46.6618,-23.3393],[-46.6632,-23.3447],[-46.6648,-23.3479],[-46.6655,-23.3517],[-46.6677,-23.3558],[-46.6688,-23.36],[-46.6702,-23.3631],[-46.6696,-23.3633],[-46.6689,-23.3671],[-46.6674,-23.37],[-46.6677,-23.3737],[-46.6664,-23.375],[-46.664,-23.376],[-46.6606,-23.3748],[-46.6602,-23.377],[-46.6596,-23.3779],[-46.6595,-23.3812],[-46.6605,-23.382],[-46.6585,-23.3841],[-46.6563,-23.3845],[-46.6557,-23.3865],[-46.6581,-23.3876],[-46.6592,-23.3893],[-46.6589,-23.3902],[-46.6562,-23.3913],[-46.6575,-23.3928],[-46.6569,-23.3941],[-46.6554,-23.3943],[-46.655,-23.3955],[-46.6566,-23.3966],[-46.6584,-23.3984],[-46.6593,-23.4004],[-46.661,-23.4034],[-46.6643,-23.4069],[-46.6645,-23.4084],[-46.6653,-23.4097],[-46.6666,-23.4129],[-46.6692,-23.4153],[-46.6698,-23.4186],[-46.6667,-23.421],[-46.6642,-23.424],[-46.6608,-23.4254],[-46.6599,-23.4262],[-46.6571,-23.4305],[-46.6553,-23.4309],[-46.6513,-23.4292],[-46.6469,-23.4292],[-46.6455,-23.4282],[-46.6427,-23.4276],[-46.6386,-23.4273],[-46.6357,-23.4276],[-46.6343,-23.4293],[-46.6315,-23.4283],[-46.6311,-23.4267],[-46.6294,-23.4257],[-46.6274,-23.4234],[-46.6261,-23.4229],[-46.6218,-23.4227],[-46.6212,-23.421],[-46.6216,-23.4194],[-46.6232,-23.417],[-46.6208,-23.417],[-46.6193,-23.4183],[-46.6132,-23.4177],[-46.6125,-23.4167],[-46.6136,-23.4148],[-46.6143,-23.4117],[-46.6134,-23.4108],[-46.6114,-23.4102],[-46.6123,-23.4074],[-46.6091,-23.4018],[-46.6058,-23.398],[-46.6047,-23.3973],[-46.5995,-23.3951],[-46.5986,-23.3929],[-46.6005,-23.3909],[-46.6009,-23.3891],[-46.6002,-23.3882],[-46.5953,-23.3855],[-46.5928,-23.3849],[-46.5896,-23.3826],[-46.5886,-23.3813],[-46.5862,-23.3807],[-46.5841,-23.3789],[-46.5833,-23.3774],[-46.581,-23.3769],[-46.5807,-23.3746],[-46.5796,-23.3737],[-46.5758,-23.3739],[-46.5733,-23.3755],[-46.5702,-23.3761],[-46.5685,-23.3757],[-46.566,-23.3715],[-46.5638,-23.3699],[-46.5604,-23.3688],[-46.558,-23.3654],[-46.5552,-23.3638],[-46.5534,-23.3612],[-46.5518,-23.3577],[-46.5497,-23.3564],[-46.547,-23.3577],[-46.5434,-23.3575],[-46.5418,-23.3586],[-46.5405,-23.3605],[-46.5388,-23.3617],[-46.5354,-23.3633],[-46.5337,-23.3619],[-46.5307,-23.3612],[-46.5287,-23.3598],[-46.5251,-23.3583],[-46.5219,-23.3559],[-46.5205,-23.3545],[-46.5182,-23.3546],[-46.5158,-23.3542],[-46.511,-23.3555],[-46.5088,-23.355],[-46.5073,-23.353],[-46.5046,-23.352],[-46.5028,-23.3521],[-46.4999,-23.3515],[-46.4977,-23.3502],[-46.4959,-23.3482],[-46.4927,-23.3487],[-46.4899,-23.3498],[-46.4885,-23.3498],[-46.4874,-23.3508],[-46.4868,-23.3541],[-46.4871,-23.3564],[-46.4867,-23.3581],[-46.4826,-23.36],[-46.4808,-23.3621],[-46.4799,-23.3622],[-46.4782,-23.3612],[-46.4757,-23.3621],[-46.4739,-23.3615],[-46.4717,-23.3586],[-46.47,-23.3582],[-46.4683,-23.3566],[-46.4674,-23.3572],[-46.4651,-23.3571],[-46.4622,-23.3576],[-46.458,-23.3566],[-46.4544,-23.357],[-46.4523,-23.3583],[-46.448,-23.3576],[-46.4451,-23.3587],[-46.4443,-23.3571],[-46.4449,-23.3544],[-46.4464,-23.3525],[-46.4483,-23.3506],[-46.4485,-23.3497],[-46.4466,-23.347],[-46.445,-23.3455],[-46.4438,-23.3426],[-46.4444,-23.3413],[-46.4427,-23.3407],[-46.4415,-23.3418],[-46.4391,-23.342],[-46.4394,-23.3407],[-46.4388,-23.3396],[-46.4353,-23.3374],[-46.434,-23.337],[-46.4317,-23.3354],[-46.4327,-23.3341],[-46.4338,-23.3316],[-46.4333,-23.3303],[-46.4309,-23.3293],[-46.43,-23.328],[-46.4288,-23.325],[-46.4276,-23.3235],[-46.4255,-23.3234],[-46.4243,-23.3203],[-46.4231,-23.3195],[-46.4237,-23.3174],[-46.4233,-23.3164],[-46.4215,-23.3155],[-46.4185,-23.3163],[-46.4189,-23.3137],[-46.4202,-23.3124],[-46.4216,-23.3076],[-46.4239,-23.3053],[-46.4244,-23.3041],[-46.4259,-23.3017],[-46.4254,-23.2978],[-46.426,-23.2963],[-46.4277,-23.2947],[-46.4275,-23.2916],[-46.4296,-23.2893],[-46.4326,-23.2876],[-46.4338,-23.2866],[-46.4374,-23.2846],[-46.4374,-23.2835],[-46.4343,-23.2799],[-46.4369,-23.2763],[-46.4391,-23.2746],[-46.4404,-23.2731],[-46.4445,-23.2715],[-46.4467,-23.2716],[-46.4484,-23.2701],[-46.4505,-23.2708],[-46.4523,-23.2726],[-46.454,-23.2731],[-46.4567,-23.2724],[-46.4585,-23.2705],[-46.4594,-23.2703],[-46.4615,-23.2718],[-46.4618,-23.2729],[-46.4603,-23.2755],[-46.4606,-23.2781],[-46.4623,-23.2788],[-46.4627,-23.28],[-46.4673,-23.2807],[-46.4687,-23.2814],[-46.4698,-23.2828],[-46.471,-23.2826],[-46.4725,-23.2803],[-46.473,-23.2764],[-46.4751,-23.2757],[-46.4764,-23.2747],[-46.4764,-23.2727],[-46.4777,-23.2712],[-46.4792,-23.2688],[-46.483,-23.267],[-46.4828,-23.2654],[-46.4843,-23.2638],[-46.4876,-23.2609],[-46.4882,-23.2591],[-46.4905,-23.2578],[-46.4915,-23.2555],[-46.4943,-23.255],[-46.4953,-23.2536],[-46.4998,-23.2529],[-46.5009,-23.2512],[-46.5021,-23.2507],[-46.5031,-23.2479],[-46.5043,-23.2487],[-46.5086,-23.2493],[-46.5109,-23.2502],[-46.5143,-23.2499],[-46.5135,-23.2472],[-46.5153,-23.2442],[-46.5146,-23.2422],[-46.5155,-23.2391],[-46.5154,-23.2375]]]}},{"type":"Feature","id":"3529401","properties":{"ibge_code":"3529401","name":"Mauá","state_code":"SP"},"geometry":{"type":"Polygon","coordinates":[[[-46.475,-23.7183],[-46.4761,-23.7168],[-46.4754,-23.7162],[-46.4693,-23.7163],[-46.4684,-23.7142],[-46.4688,-23.7127],[-46.4658,-23.7103],[-46.4619,-23.7094],[-46.4613,-23.7069],[-46.46,-23.7061],[-46.4585,-23.7066],[-46.456,-23.7048],[-46.4515,-23.7038],[-46.4498,-23.7027],[-46.4495,-23.7013],[-46.4471,-23.6993],[-46.446,-23.6991],[-46.4452,-23.6977],[-46.4431,-23.6968],[-46.4427,-23.6959],[-46.4431,-23.6939],[-46.4422,-23.6924],[-46.4406,-23.6909],[-46.4369,-23.6882],[-46.4353,-23.6852],[-46.4324,-23.6854],[-46.4304,-23.6842],[-46.4307,-23.6825],[-46.4298,-23.6799],[-46.4282,-23.6795],[-46.4273,-23.6778],[-46.426,-23.6776],[-46.4244,-23.679],[-46.4222,-23.6784],[-46.4192,-23.6815],[-46.4174,-23.6815],[-46.4153,-23.6837],[-46.412,-23.6845],[-46.4118,-23.6817],[-46.41,-23.6803],[-46.4068,-23.6792],[-46.4049,-23.6756],[-46.4033,-23.6761],[-46.4014,-23.6747],[-46.3981,-23.6734],[-46.3965,-23.671],[-46.3936,-23.672],[-46.3926,-23.669],[-46.3931,-23.6679],[-46.393,-23.666],[-46.3945,-23.6644],[-46.3962,-23.66],[-46.3973,-23.6588],[-46.3973,-23.6562],[-46.3985,-23.6552],[-46.399,-23.6535],[-46.3984,-23.6511],[-46.3995,-23.6491],[-46.3995,-23.6468],[-46.4,-23.6447],[-46.3991,-23.6427],[-46.3958,-23.6381],[-46.3944,-23.6371],[-46.3945,-23.6349],[-46.3937,-23.6332],[-46.394,-23.6305],[-46.3922,-23.6293],[-46.3925,-23.6281],[-46.392,-23.6265],[-46.3899,-23.625],[-46.3887,-23.6236],[-46.3873,-23.6208],[-46.386,-23.6202],[-46.3839,-23.6177],[-46.3846,-23.6153],[-46.389,-23.6133],[-46.3909,-23.6122],[-46.3925,-23.6126],[-46.3948,-23.6125],[-46.3955,-23.6143],[-46.3977,-23.6158],[-46.3982,-23.619],[-46.4003,-23.6205],[-46.4014,-23.6224],[-46.4037,-23.6237],[-46.4051,-23.6232],[-46.4066,-23.6236],[-46.408,-23.6269],[-46.4074,-23.6287],[-46.4064,-23.6298],[-46.4068,-23.6318],[-46.4088,-23.6335],[-46.4102,-23.6339],[-46.4118,-23.6355],[-46.4138,-23.636],[-46.4145,-23.6392],[-46.4162,-23.6406],[-46.4184,-23.6414],[-46.4201,-23.641],[-46.4213,-23.6424],[-46.4211,-23.6437],[-46.4233,-23.6443],[-46.4245,-23.643],[-46.4243,-23.6407],[-46.4279,-23.637],[-46.4302,-23.6362],[-46.4317,-23.6374],[-46.4319,-23.6391],[-46.4315,-23.6411],[-46.4329,-23.6418],[-46.436,-23.6413],[-46.4383,-23.6419],[-46.4409,-23.6422],[-46.4431,-23.6439],[-46.4474,-23.6436],[-46.4525,-23.6424],[-46.454,-23.6409],[-46.4559,-23.6411],[-46.4582,-23.6419],[-46.4606,-23.6402],[-46.4631,-23.6388],[-46.4723,-23.6388],[-46.4737,-23.6373],[-46.4736,-23.6365],[-46.4751,-23.6346],[-46.4756,-23.6327],[-46.4754,-23.6308],[-46.4765,-23.6297],[-46.4772,-23.6262],[-46.4791,-23.6255],[-46.4822,-23.6237],[-46.4845,-23.6238],[-46.4855,-23.623],[-46.4836,-23.6257],[-46.4829,-23.628],[-46.4828,-23.63],[-46.4841,-23.6322],[-46.4845,-23.6343],[-46.4863,-23.6401],[-46.4854,-23.6413],[-46.483,-23.6466],[-46.4815,-23.6483],[-46.4824,-23.6495],[-46.4848,-23.6495],[-46.4867,-23.6488],[-46.4887,-23.6499],[-46.4922,-23.6511],[-46.4938,-23.653],[-46.4958,-23.6561],[-46.499,-23.6576],[-46.4974,-23.66],[-46.4972,-23.6611],[-46.4934,-23.66],[-46.4926,-23.661],[-46.4897,-23.662],[-46.4893,-23.664],[-46.4869,-23.6652],[-46.4854,-23.6677],[-46.4852,-23.6694],[-46.4826,-23.6707],[-46.4816,-23.6718],[-46.481,-23.6737],[-46.4803,-23.6805],[-46.4812,-23.6826],[-46.4833,-23.6849],[-46.4836,-23.6861],[-46.483,-23.6874],[-46.4853,-23.689],[-46.4857,-23.6901],[-46.4858,-23.6932],[-46.4865,-23.6942],[-46.4884,-23.6945],[-46.4895,-23.6952],[-46.4911,-23.6985],[-46.4903,-23.6998],[-46.4911,-23.704],[-46.4907,-23.7056],[-46.4891,-23.7068],[-46.4912,-23.7078],[-46.4917,-23.709],[-46.4899,-23.7113],[-46.4838,-23.7112],[-46.4831,-23.7124],[-46.4835,-23.7155],[-46.4814,-23.7182],[-46.479,-23.7194],[-46.4765,-23.7195],[-46.475,-23.7183]]]}},{"type":"Feature","id":"3530607","properties":{"ibge_code":"3530607","name":"Mogi das Cruzes","state_code":"SP"},"geometry":{"type":"Polygon","coordinates":[[[-46.1575,-23.3428],[-46.1629,-23.3459],[-46.1633,-23.3469],[-46.1618,-23.3488],[-46.1631,-23.3516],[-46.1651,-23.3528],[-46.1655,-23.3545],[-46.1669,-23.3554],[-46.1674,-23.3578],[-46.1691,-23.3582],[-46.1709,-23.3577],[-46.173,-23.3584],[-46.1773,-23.358],[-46.1799,-23.3565],[-46.1809,-23.3564],[-46.1823,-23.3574],[-46.1838,-23.3576],[-46.1874,-23.3599],[-46.1887,-23.3629],[-46.1908,-23.364],[-46.1922,-23.3631],[-46.1935,-23.3634],[-46.1955,-23.3648],[-46.1994,-23.3661],[-46.2023,-23.3678],[-46.2026,-23.3692],[-46.204,-23.3701],[-46.2045,-23.3716],[-46.2083,-23.3736],[-46.2105,-23.374],[-46.2128,-23.3776],[-46.215,-23.3773],[-46.2162,-23.3782],[-46.2168,-23.3805],[-46.2181,-23.3813],[-46.2195,-23.3859],[-46.2204,-23.3861],[-46.2244,-23.3836],[-46.226,-23.3831],[-46.227,-23.3836],[-46.2269,-23.3851],[-46.228,-23.3856],[-46.2295,-23.3874],[-46.2306,-23.3882],[-46.2318,-23.3906],[-46.2331,-23.3913],[-46.2354,-23.3915],[-46.2373,-23.3909],[-46.2384,-23.3922],[-46.241,-23.3924],[-46.2412,-23.3954],[-46.2402,-23.3973],[-46.2413,-23.3994],[-46.2407,-23.4002],[-46.2425,-23.4021],[-46.2442,-23.4031],[-46.2422,-23.4045],[-46.2427,-23.4056],[-46.245,-23.4076],[-46.2462,-23.4078],[-46.2477,-23.4056],[-46.2505,-23.4083],[-46.2506,-23.4097],[-46.2493,-23.4116],[-46.2498,-23.4153],[-46.2512,-23.4155],[-46.2515,-23.4165],[-46.2537,-23.4168],[-46.2555,-23.4178],[-46.2556,-23.4193],[-46.2571,-23.422],[-46.26,-23.4231],[-46.2604,-23.4265],[-46.2644,-23.4275],[-46.2661,-23.4292],[-46.268,-23.43],[-46.2706,-23.4299],[-46.2717,-23.4356],[-46.2732,-23.4377],[-46.2727,-23.4417],[-46.2733,-23.445],[-46.2759,-23.4465],[-46.2741,-23.448],[-46.2749,-23.4489],[-46.2741,-23.4501],[-46.2762,-23.452],[-46.2779,-23.4529],[-46.2784,-23.455],[-46.2796,-23.4569],[-46.2805,-23.4575],[-46.2828,-23.458],[-46.2836,-23.459],[-46.2852,-23.459],[-46.287,-23.46],[-46.2862,-23.4609],[-46.2861,-23.4662],[-46.2848,-23.4693],[-46.2835,-23.47],[-46.2822,-23.4733],[-46.2814,-23.477],[-46.2816,-23.4782],[-46.2812,-23.4812],[-46.2826,-23.4819],[-46.2851,-23.4815],[-46.2863,-23.4819],[-46.2875,-23.4835],[-46.2895,-23.4849],[-46.2899,-23.4862],[-46.2891,-23.4886],[-46.2881,-23.4896],[-46.2871,-23.4888],[-46.2859,-23.4893],[-46.2843,-23.4888],[-46.283,-23.4875],[-46.2794,-23.4867],[-46.2766,-23.4867],[-46.2741,-23.4853],[-46.2717,-23.4851],[-46.2695,-23.4858],[-46.2684,-23.4856],[-46.2652,-23.4885],[-46.2652,-23.4925],[-46.2643,-23.4945],[-46.2642,-23.4964],[-46.2646,-23.4986],[-46.2654,-23.5004],[-46.2667,-23.502],[-46.2688,-23.5038],[-46.2692,-23.5049],[-46.2681,-23.5094],[-46.2683,-23.5116],[-46.2695,-23.5128],[-46.2674,-23.5139],[-46.2662,-23.5178],[-46.2661,-23.5197],[-46.2632,-23.5223],[-46.2622,-23.5242],[-46.2647,-23.532],[-46.2641,-23.5353],[-46.2662,-23.5353],[-46.2695,-23.5379],[-46.2682,-23.5395],[-46.2701,-23.5396],[-46.2712,-23.5412],[-46.271,-23.5445],[-46.2716,-23.545],[-46.2746,-23.5452],[-46.2783,-23.545],[-46.2795,-23.5459],[-46.28,-23.5483],[-46.2811,-23.5487],[-46.2811,-23.5522],[-46.2791,-23.5535],[-46.2792,-23.5555],[-46.2807,-23.5563],[-46.2805,-23.5591],[-46.2825,-23.5615],[-46.285,-23.566],[-46.2838,-23.5674],[-46.284,-23.5686],[-46.2818,-23.5702],[-46.2807,-23.5725],[-46.2798,-23.5772],[-46.2777,-23.5808],[-46.2723,-23.5868],[-46.2681,-23.5922],[-46.2655,-23.5991],[-46.265,-23.6007],[-46.2662,-23.6034],[-46.2651,-23.6064],[-46.2639,-23.6074],[-46.2636,-23.6091],[-46.2603,-23.6108],[-46.2591,-23.6117],[-46.2603,-23.6145],[-46.2619,-23.6152],[-46.2623,-23.6166],[-46.2615,-23.6206],[-46.2638,-23.6252],[-46.2636,-23.6268],[-46.2646,-23.6289],[-46.2635,-23.6307],[-46.261,-23.633],[-46.2591,-23.6354],[-46.2596,-23.6375],[-46.2577,-23.6392],[-46.2575,-23.6416],[-46.2583,-23.6429],[-46.2573,-23.6461],[-46.2557,-23.6473],[-46.2556,-23.6483],[-46.2544,-23.6503],[-46.2551,-23.6527],[-46.2578,-23.6569],[-46.2575,-23.6593],[-46.2587,-23.6599],[-46.2589,-23.6614],[-46.2582,-23.6629],[-46.2587,-23.6671],[-46.2577,-23.6681],[-46.2582,-23.6701],[-46.2597,-23.6696],[-46.2605,-23.6703],[-46.2609,-23.6729],[-46.2629,-23.6749],[-46.2634,-23.6763],[-46.2656,-23.6787],[-46.2658,-23.6801],[-46.2674,-23.683],[-46.266,-23.6844],[-46.2668,-23.6857],[-46.269,-23.6877],[-46.2709,-23.6889],[-46.2723,-23.6889],[-46.2744,-23.69],[-46.2754,-23.69],[-46.2778,-23.6909],[-46.2786,-23.6919],[-46.2817,-23.694],[-46.284,-23.6946],[-46.2861,-23.6969],[-46.29,-23.6986],[-46.2922,-23.7004],[-46.2943,-23.7014],[-46.2952,-23.7024],[-46.2971,-23.7035],[-46.2979,-23.7049],[-46.2965,-23.7072],[-46.2952,-23.7109],[-46.2967,-23.7152],[-46.2953,-23.717],[-46.2952,-23.7187],[-46.2969,-23.7209],[-46.2973,-23.7234],[-46.2992,-23.7253],[-46.3018,-23.7269],[-46.3019,-23.7285],[-46.3068,-23.732],[-46.3069,-23.7336],[-46.308,-23.7359],[-46.3094,-23.7366],[-46.3109,-23.7388],[-46.3127,-23.7406],[-46.3166,-23.7422],[-46.3177,-23.7435],[-46.3198,-23.7445],[-46.3219,-23.7444],[-46.32,-23.7454],[-46.3156,-23.7445],[-46.3134,-23.7455],[-46.3122,-23.7473],[-46.3105,-23.7474],[-46.3083,-23.7484],[-46.3066,-23.7478],[-46.3041,-23.7492],[-46.3027,-23.751],[-46.2984,-23.7509],[-46.2967,-23.7487],[-46.2954,-23.7485],[-46.2939,-23.7492],[-46.2934,-23.7505],[-46.2912,-23.7521],[-46.2902,-23.7535],[-46.2883,-23.7546],[-46.2856,-23.7584],[-46.2853,-23.7606],[-46.2855,-23.7626],[-46.2851,-23.7635],[-46.2834,-23.7647],[-46.2838,-23.766],[-46.2831,-23.7673],[-46.2784,-23.7703],[-46.2745,-23.7679],[-46.2739,-23.7663],[-46.2701,-23.7658],[-46.2655,-23.7671],[-46.2639,-23.7678],[-46.2622,-23.7672],[-46.2603,-23.7679],[-46.258,-23.7662],[-46.2556,-23.7636],[-46.2552,-23.7621],[-46.2559,-23.7608],[-46.2554,-23.7598],[-46.2536,-23.7595],[-46.2509,-23.7583],[-46.2489,-23.7569],[-46.247,-23.7531],[-46.2467,-23.7518],[-46.2475,-23.7505],[-46.2479,-23.7472],[-46.2478,-23.7462],[-46.2455,-23.7451],[-46.2452,-23.743],[-46.244,-23.7418],[-46.2418,-23.7408],[-46.2416,-23.739],[-46.2396,-23.7359],[-46.2378,-23.7353],[-46.2349,-23.7372],[-46.2314,-23.7374],[-46.2287,-23.7368],[-46.2261,-23.7375],[-46.2248,-23.7406],[-46.2229,-23.7404],[-46.221,-23.7423],[-46.2177,-23.7441],[-46.2114,-23.7414],[-46.2102,-23.7417],[-46.2086,-23.7434],[-46.2079,-23.746],[-46.2085,-23.749],[-46.2083,-23.7511],[-46.2066,-23.7517],[-46.2038,-23.7509],[-46.2024,-23.7513],[-46.2008,-23.7514],[-46.1988,-23.7532],[-46.1969,-23.7528],[-46.1949,-23.7542],[-46.1928,-23.7536],[-46.1903,-23.7506],[-46.19,-23.7479],[-46.1889,-23.7466],[-46.1864,-23.7447],[-46.183,-23.7445],[-46.1793,-23.7459],[-46.1783,-23.7453],[-46.1779,-23.7393],[-46.1764,-23.7379],[-46.1769,-23.7359],[-46.1761,-23.7354],[-46.1743,-23.7359],[-46.1726,-23.7346],[-46.1705,-23.7324],[-46.1691,-23.7323],[-46.1663,-23.7343],[-46.1654,-23.7343],[-46.1642,-23.7328],[-46.1602,-23.7319],[-46.1582,-23.7324],[-46.1573,-23.7333],[-46.157,-23.7354],[-46.1557,-23.7362],[-46.1529,-23.734],[-46.1506,-23.7328],[-46.1487,-23.7303],[-46.148,-23.7284],[-46.1451,-23.7271],[-46.1399,-23.7259],[-46.1384,-23.7264],[-46.137,-23.7258],[-46.1361,-23.7247],[-46.1325,-23.7251],[-46.1315,-23.7246],[-46.131,-23.7215],[-46.1294,-23.7205],[-46.1287,-23.7186],[-46.1275,-23.7169],[-46.1264,-23.7132],[-46.1254,-23.7132],[-46.1242,-23.715],[-46.1224,-23.7152],[-46.1235,-23.7169],[-46.1223,-23.7187],[-46.1193,-23.7161],[-46.117,-23.716],[-46.1158,-23.7176],[-46.1137,-23.7177],[-46.1124,-23.7166],[-46.1117,-23.7151],[-46.1096,-23.7154],[-46.1083,-23.7148],[-46.1066,-23.7117],[-46.1041,-23.7115],[-46.1031,-23.7129],[-46.104,-23.7149],[-46.1037,-23.7157],[-46.1009,-23.7184],[-46.0993,-23.7167],[-46.0993,-23.7135],[-46.098,-23.711],[-46.0932,-23.7049],[-46.0921,-23.7],[-46.0899,-23.6971],[-46.0898,-23.695],[-46.0884,-23.6934],[-46.0882,-23.6923],[-46.0865,-23.6893],[-46.0867,-23.6887],[-46.0849,-23.686],[-46.0841,-23.6855],[-46.0837,-23.6836],[-46.0827,-23.683],[-46.0833,-23.6817],[-46.0822,-23.68],[-46.0826,-23.6754],[-46.0817,-23.6741],[-46.082,-23.6726],[-46.0817,-23.6705],[-46.0817,-23.667],[-46.0827,-23.6647],[-46.0846,-23.6643],[-46.0887,-23.6659],[-46.0903,-23.6651],[-46.0945,-23.6663],[-46.097,-23.6675],[-46.1015,-23.6666],[-46.1031,-23.666],[-46.1016,-23.6641],[-46.1006,-23.662],[-46.0978,-23.6609],[-46.0983,-23.659],[-46.0976,-23.6583],[-46.0986,-23.6543],[-46.0979,-23.6522],[-46.0956,-23.6512],[-46.0934,-23.6488],[-46.0922,-23.6482],[-46.0918,-23.6457],[-46.0907,-23.6444],[-46.0904,-23.6415],[-46.0889,-23.6409],[-46.0884,-23.6386],[-46.0895,-23.6349],[-46.0905,-23.6339],[-46.0906,-23.6325],[-46.0915,-23.6319],[-46.0927,-23.6295],[-46.0924,-23.6285],[-46.0946,-23.625],[-46.0938,-23.6235],[-46.0946,-23.6226],[-46.0934,-23.6208],[-46.0907,-23.6178],[-46.0906,-23.6169],[-46.0883,-23.6132],[-46.0884,-23.6111],[-46.0891,-23.6087],[-46.0878,-23.6073],[-46.0883,-23.6064],[-46.0876,-23.6026],[-46.0887,-23.6018],[-46.0889,-23.5982],[-46.0905,-23.5953],[-46.0899,-23.594],[-46.0913,-23.593],[-46.0897,-23.5895],[-46.0903,-23.5886],[-46.0901,-23.586],[-46.0905,-23.5844],[-46.0904,-23.5822],[-46.0887,-23.5807],[-46.0879,-23.5776],[-46.088,-23.5754],[-46.0889,-23.5741],[-46.0898,-23.5695],[-46.0926,-23.5665],[-46.0945,-23.5623],[-46.0957,-23.5617],[-46.0977,-23.5617],[-46.0998,-23.5603],[-46.0999,-23.559],[-46.101,-23.5585],[-46.1012,-23.5572],[-46.1023,-23.5556],[-46.1041,-23.5549],[-46.1065,-23.5554],[-46.1079,-23.5549],[-46.1087,-23.5533],[-46.11,-23.5535],[-46.111,-23.5525],[-46.1088,-23.551],[-46.11,-23.5483],[-46.1085,-23.5474],[-46.1088,-23.5448],[-46.1094,-23.5448],[-46.1121,-23.5408],[-46.111,-23.536],[-46.1104,-23.5346],[-46.1089,-23.5327],[-46.108,-23.5309],[-46.1064,-23.53],[-46.1033,-23.5276],[-46.1019,-23.527],[-46.1,-23.525],[-46.0996,-23.5241],[-46.1,-23.5214],[-46.1027,-23.519],[-46.1051,-23.5146],[-46.1072,-23.5126],[-46.1076,-23.5112],[-46.1049,-23.5124],[-46.1033,-23.5116],[-46.1036,-23.5077],[-46.1014,-23.5073],[-46.0999,-23.5078],[-46.0979,-23.5073],[-46.0978,-23.5097],[-46.0957,-23.5097],[-46.0942,-23.5106],[-46.0899,-23.5081],[-46.0881,-23.508],[-46.086,-23.51],[-46.0858,-23.512],[-46.0848,-23.5132],[-46.0792,-23.5136],[-46.077,-23.5147],[-46.0782,-23.5133],[-46.0779,-23.5114],[-46.0759,-23.5096],[-46.0749,-23.5097],[-46.0741,-23.5113],[-46.072,-23.5122],[-46.071,-23.5113],[-46.0701,-23.5091],[-46.0661,-23.5069],[-46.0661,-23.5033],[-46.0653,-23.5019],[-46.065,-23.4991],[-46.0637,-23.4962],[-46.0641,-23.4938],[-46.0634,-23.4928],[-46.0618,-23.493],[-46.0597,-23.4917],[-46.0568,-23.4908],[-46.0538,-23.4894],[-46.0516,-23.4892],[-46.0514,-23.4877],[-46.0531,-23.4852],[-46.052,-23.482],[-46.0535,-23.4811],[-46.0544,-23.4795],[-46.054,-23.4765],[-46.0543,-23.4753],[-46.0538,-23.4735],[-46.0563,-23.4702],[-46.0564,-23.4693],[-46.0586,-23.4662],[-46.0591,-23.465],[-46.074,-23.4524],[-46.0764,-23.4524],[-46.0782,-23.451],[-46.0827,-23.4525],[-46.0859,-23.4521],[-46.0877,-23.4525],[-46.0899,-23.4518],[-46.0928,-23.4536],[-46.0947,-23.4534],[-46.0999,-23.4556],[-46.1011,-23.4554],[-46.1023,-23.4541],[-46.1034,-23.454],[-46.1056,-23.4554],[-46.1063,-23.4543],[-46.1058,-23.4525],[-46.1063,-23.4511],[-46.1067,-23.4481],[-46.1077,-23.4474],[-46.1118,-23.4458],[-46.1133,-23.443],[-46.113,-23.4412],[-46.1133,-23.4396],[-46.1143,-23.4384],[-46.1163,-23.438],[-46.1194,-23.4362],[-46.1213,-23.4355],[-46.1234,-23.4356],[-46.1263,-23.4362],[-46.1276,-23.4358],[-46.13,-23.4375],[-46.1319,-23.438],[-46.1341,-23.437],[-46.1359,-23.4388],[-46.1397,-23.4404],[-46.1459,-23.4337],[-46.1484,-23.4323],[-46.1503,-23.4303],[-46.1519,-23.4299],[-46.1551,-23.4266],[-46.1538,-23.4236],[-46.152,-23.4231],[-46.1512,-23.422],[-46.1493,-23.4212],[-46.146,-23.4179],[-46.1436,-23.417],[-46.1421,-23.4159],[-46.1422,-23.4144],[-46.1431,-23.4129],[-46.1426,-23.4118],[-46.1476,-23.4079],[-46.1479,-23.4065],[-46.1469,-23.4049],[-46.1477,-23.4039],[-46.1481,-23.4019],[-46.1536,-23.3962],[-46.1551,-23.3938],[-46.1586,-23.3911],[-46.1598,-23.3899],[-46.1605,-23.3883],[-46.1578,-23.3824],[-46.1587,-23.3798],[-46.1577,-23.3786],[-46.1567,-23.3761],[-46.157,-23.3749],[-46.1561,-23.3729],[-46.1563,-23.3719],[-46.1544,-23.3691],[-46.1534,-23.3685],[-46.1531,-23.3667],[-46.156,-23.3627],[-46.1549,-23.36],[-46.1559,-23.3557],[-46.1569,-23.3531],[-46.1567,-23.345],[-46.1575,-23.3428]]]}},{"type":"Feature","id":"3534401","properties":{"ibge_code":"3534401","name":"Osasco","state_code":"SP"},"geometry":{"type":"Polygon","coordinates":[[[-46.8078,-23.6091],[-46.8074,-23.6084],[-46.8081,-23.6062],[-46.8078,-23.6042],[-46.8092,-23.6028],[-46.8081,-23.601],[-46.8089,-23.5999],[-46.8089,-23.5984],[-46.8067,-23.5938],[-46.8068,-23.5924],[-46.8051,-23.5887],[-46.8057,-23.5872],[-46.8074,-23.5856],[-46.8064,-23.584],[-46.799,-23.583],[-46.798,-23.5837],[-46.7967,-23.5826],[-46.7952,-23.5825],[-46.7946,-23.5812],[-46.7926,-23.5802],[-46.7913,-23.5778],[-46.7883,-23.5775],[-46.7873,-23.5767],[-46.786,-23.5745],[-46.7847,-23.5742],[-46.7818,-23.5747],[-46.7812,-23.5732],[-46.7786,-23.571],[-46.7731,-23.5701],[-46.7725,-23.5687],[-46.7719,-23.5651],[-46.7705,-23.5648],[-46.7689,-23.5629],[-46.7673,-23.5627],[-46.7668,-23.5637],[-46.7652,-23.5634],[-46.7648,-23.5616],[-46.7638,-23.5611],[-46.7634,-23.5593],[-46.7624,-23.5582],[-46.7623,-23.557],[-46.7602,-23.555],[-46.7593,-23.5519],[-46.76,-23.55],[-46.7588,-23.549],[-46.7605,-23.5463],[-46.7605,-23.5428],[-46.7597,-23.5389],[-46.7606,-23.5358],[-46.7599,-23.5327],[-46.7604,-23.53],[-46.76,-23.5292],[-46.7571,-23.5265],[-46.7564,-23.5246],[-46.7546,-23.5252],[-46.7514,-23.5254],[-46.7501,-23.5251],[-46.7485,-23.5237],[-46.747,-23.5204],[-46.7508,-23.5208],[-46.7531,-23.5197],[-46.753,-23.5174],[-46.7547,-23.5166],[-46.7578,-23.5158],[-46.7575,-23.514],[-46.7579,-23.5132],[-46.7596,-23.5125],[-46.7603,-23.5109],[-46.7619,-23.5103],[-46.7618,-23.5091],[-46.764,-23.5064],[-46.7638,-23.5056],[-46.7615,-23.5017],[-46.7598,-23.5],[-46.7575,-23.4998],[-46.7574,-23.498],[-46.7555,-23.4962],[-46.756,-23.495],[-46.7584,-23.4944],[-46.7599,-23.4933],[-46.7616,-23.4934],[-46.7655,-23.4919],[-46.7663,-23.4913],[-46.7678,-23.4868],[-46.7699,-23.4839],[-46.77,-23.4814],[-46.7705,-23.4798],[-46.7698,-23.4768],[-46.7706,-23.4747],[-46.7717,-23.4736],[-46.7751,-23.4718],[-46.775,-23.4706],[-46.7758,-23.4686],[-46.7748,-23.4644],[-46.7728,-23.4631],[-46.7721,-23.4613],[-46.7704,-23.4584],[-46.772,-23.4588],[-46.7736,-23.4606],[-46.7737,-23.4615],[-46.7764,-23.4647],[-46.7788,-23.4652],[-46.7806,-23.465],[-46.7818,-23.4639],[-46.7833,-23.4658],[-46.7854,-23.4662],[-46.787,-23.4657],[-46.7895,-23.4631],[-46.792,-23.4615],[-46.7943,-23.4627],[-46.796,-23.4629],[-46.7967,-23.465],[-46.7965,-23.4673],[-46.7971,-23.4699],[-46.7988,-23.4705],[-46.7995,-23.4714],[-46.7998,-23.4736],[-46.7987,-23.4765],[-46.7992,-23.4773],[-46.8013,-23.4786],[-46.8018,-23.4807],[-46.8014,-23.482],[-46.7998,-23.4837],[-46.8004,-23.4848],[-46.8016,-23.4847],[-46.8043,-23.4859],[-46.8056,-23.4887],[-46.806,-23.4907],[-46.8069,-23.4931],[-46.8088,-23.4944],[-46.8118,-23.498],[-46.8124,-23.4997],[-46.812,-23.5018],[-46.8111,-23.5023],[-46.8102,-23.5043],[-46.8083,-23.5065],[-46.8085,-23.51],[-46.8101,-23.5123],[-46.8132,-23.5138],[-46.8163,-23.5168],[-46.8172,-23.5185],[-46.8174,-23.5207],[-46.8175,-23.5234],[-46.8165,-23.525],[-46.8165,-23.5284],[-46.8173,-23.5304],[-46.8174,-23.5338],[-46.8173,-23.5393],[-46.8178,-23.5418],[-46.8205,-23.5435],[-46.8213,-23.5452],[-46.8206,-23.5466],[-46.8218,-23.5489],[-46.821,-23.5507],[-46.8208,-23.5528],[-46.82,-23.554],[-46.82,-23.5571],[-46.8206,-23.5588],[-46.8178,-23.5623],[-46.8181,-23.5657],[-46.8165,-23.5681],[-46.8144,-23.5694],[-46.8146,-23.5717],[-46.8154,-23.5732],[-46.8151,-23.5745],[-46.8156,-23.5765],[-46.8173,-23.5787],[-46.818,-23.5808],[-46.8173,-23.5819],[-46.8166,-23.5831],[-46.8163,-23.5852],[-46.8167,-23.5878],[-46.8132,-23.5893],[-46.8135,-23.591],[-46.8133,-23.5935],[-46.8146,-23.5955],[-46.8176,-23.5989],[-46.818,-23.6002],[-46.8164,-23.6028],[-46.8128,-23.6047],[-46.8107,-23.6048],[-46.8078,-23.6091]]]}},{"type":"Feature","id":"3539103","properties":{"ibge_code":"3539103","name":"Pirapora do Bom Jesus","state_code":"SP"},"geometry":{"type":"Polygon","coordinates":[[[-47.0375,-23.4356],[-47.0328,-23.4359],[-47.0289,-23.4347],[-47.0255,-23.4342],[-47.0236,-23.4324],[-47.0183,-23.4327],[-47.0162,-23.4323],[-47.0124,-23.4328],[-47.01,-23.4328],[-47.0086,-23.4319],[-47.0067,-23.4313],[-47.0019,-23.4309],[-47.0003,-23.4313],[-46.9981,-23.4308],[-46.9961,-23.4295],[-46.9947,-23.4297],[-46.9929,-23.431],[-46.9908,-23.431],[-46.99,-23.4336],[-46.9867,-23.4334],[-46.9848,-23.4328],[-46.9799,-23.4297],[-46.9787,-23.4293],[-46.9752,-23.4265],[-46.9709,-23.4255],[-46.97,-23.4242],[-46.969,-23.4206],[-46.9672,-23.419],[-46.9656,-23.4123],[-46.9639,-23.4108],[-46.9625,-23.4111],[-46.9596,-23.4105],[-46.9587,-23.4109],[-46.9555,-23.4103],[-46.9543,-23.4111],[-46.9512,-23.409],[-46.9513,-23.4076],[-46.9504,-23.4055],[-46.9492,-23.4044],[-46.9453,-23.4029],[-46.9443,-23.4018],[-46.9449,-23.4005],[-46.9478,-23.3989],[-46.9514,-23.3994],[-46.9548,-23.3987],[-46.9556,-23.3975],[-46.9542,-23.3967],[-46.9524,-23.3968],[-46.9514,-23.3957],[-46.9498,-23.3926],[-46.947,-23.3912],[-46.9445,-23.3915],[-46.9423,-23.3908],[-46.9413,-23.3916],[-46.9404,-23.3894],[-46.9396,-23.3888],[-46.9366,-23.389],[-46.9357,-23.3875],[-46.9365,-23.3862],[-46.9357,-23.3851],[-46.933,-23.3852],[-46.9308,-23.3873],[-46.9288,-23.3875],[-46.9291,-23.3853],[-46.9309,-23.3831],[-46.9319,-23.3791],[-46.9294,-23.3784],[-46.9275,-23.3764],[-46.9234,-23.3768],[-46.9208,-23.3769],[-46.918,-23.3751],[-46.9167,-23.3748],[-46.9146,-23.373],[-46.9132,-23.3727],[-46.9115,-23.3714],[-46.9106,-23.3693],[-46.9095,-23.3688],[-46.9071,-23.37],[-46.9054,-23.3689],[-46.9049,-23.3674],[-46.9023,-23.3664],[-46.9028,-23.3645],[-46.9025,-23.3631],[-46.9032,-23.3623],[-46.9023,-23.3603],[-46.9029,-23.3585],[-46.9041,-23.3581],[-46.9054,-23.3567],[-46.9092,-23.3557],[-46.9098,-23.3542],[-46.9116,-23.353],[-46.9132,-23.3535],[-46.9173,-23.3563],[-46.9205,-23.3569],[-46.9226,-23.3569],[-46.9244,-23.3561],[-46.9275,-23.3562],[-46.929,-23.3577],[-46.9296,-23.3616],[-46.931,-23.362],[-46.9328,-23.3633],[-46.9339,-23.3647],[-46.9352,-23.3631],[-46.9346,-23.3611],[-46.9351,-23.3603],[-46.9373,-23.359],[-46.9378,-23.3578],[-46.9403,-23.3544],[-46.9409,-23.3519],[-46.9403,-23.3504],[-46.9385,-23.3479],[-46.9383,-23.3451],[-46.9379,-23.3219],[-46.9392,-23.3235],[-46.9402,-23.3219],[-46.9414,-23.3212],[-46.9428,-23.3217],[-46.9435,-23.3228],[-46.9449,-23.3228],[-46.9453,-23.3248],[-46.9473,-23.3251],[-46.9487,-23.3263],[-46.9502,-23.3242],[-46.9529,-23.3254],[-46.9549,-23.3255],[-46.9591,-23.3268],[-46.96,-23.3279],[-46.962,-23.3264],[-46.9633,-23.3238],[-46.9646,-23.3242],[-46.9684,-23.3262],[-46.9703,-23.3262],[-46.9708,-23.3272],[-46.9736,-23.3288],[-46.9738,-23.3297],[-46.9755,-23.3298],[-46.9765,-23.329],[-46.9782,-23.3296],[-46.9806,-23.3318],[-46.9837,-23.3336],[-46.9876,-23.3327],[-46.989,-23.3342],[-46.9911,-23.3328],[-46.9918,-23.3339],[-46.9955,-23.331],[-46.9976,-23.3322],[-46.9991,-23.3325],[-47.0001,-23.3335],[-46.9996,-23.3347],[-47.0005,-23.3362],[-47.0004,-23.338],[-47.0015,-23.338],[-47.0027,-23.3369],[-47.004,-23.3369],[-47.0049,-23.338],[-47.007,-23.338],[-47.0081,-23.3375],[-47.0089,-23.3387],[-47.0109,-23.3387],[-47.0154,-23.3403],[-47.0164,-23.3415],[-47.016,-23.343],[-47.0187,-23.3454],[-47.0212,-23.3441],[-47.025,-23.3458],[-47.0306,-23.346],[-47.0317,-23.3463],[-47.0332,-23.3479],[-47.0363,-23.3487],[-47.0382,-23.3503],[-47.0398,-23.3508],[-47.0413,-23.352],[-47.0429,-23.3523],[-47.0413,-23.3551],[-47.0399,-23.3581],[-47.0396,-23.36],[-47.0401,-23.3615],[-47.0397,-23.3632],[-47.0387,-23.3648],[-47.0393,-23.3672],[-47.0384,-23.3691],[-47.0362,-23.3688],[-47.0341,-23.3711],[-47.0316,-23.3713],[-47.0306,-23.3717],[-47.0295,-23.3737],[-47.029,-23.3764],[-47.0305,-23.3789],[-47.0336,-23.3799],[-47.0361,-23.3789],[-47.0373,-23.3797],[-47.0376,-23.382],[-47.0387,-23.3832],[-47.0416,-23.3851],[-47.0427,-23.3876],[-47.0413,-23.3902],[-47.0411,-23.3932],[-47.0386,-23.3939],[-47.0386,-23.3958],[-47.0367,-23.397],[-47.0361,-23.3991],[-47.0373,-23.4004],[-47.0367,-23.4015],[-47.0373,-23.4026],[-47.0394,-23.4035],[-47.0395,-23.4052],[-47.0372,-23.407],[-47.038,-23.4086],[-47.0394,-23.4088],[-47.0398,-23.4099],[-47.0381,-23.4104],[-47.0376,-23.4121],[-47.0385,-23.4126],[-47.0388,-23.4153],[-47.0412,-23.4162],[-47.0415,-23.4184],[-47.0407,-23.4238],[-47.0388,-23.4233],[-47.0364,-23.4259],[-47.0352,-23.4298],[-47.0351,-23.4318],[-47.0362,-23.4345],[-47.0375,-23.4356]]]}},{"type":"Feature","id":"3539806","properties":{"ibge_code":"3539806","name":"Poá","state_code":"SP"},"geometry":{"type":"Polygon","coordinates":[[[-46.3299,-23.5057],[-46.3367,-23.5063],[-46.3397,-23.5072],[-46.3468,-23.5079],[-46.3508,-23.5076],[-46.3536,-23.5048],[-46.3567,-23.5071],[-46.3595,-23.5083],[-46.3654,-23.5119],[-46.3664,-23.5122],[-46.3665,-23.5149],[-46.3676,-23.5188],[-46.3683,-23.5196],[-46.3685,-23.5234],[-46.3683,-23.5247],[-46.367,-23.5272],[-46.3629,-23.5278],[-46.3599,-23.5315],[-46.3577,-23.532],[-46.3564,-23.5329],[-46.3551,-23.5359],[-46.3542,-23.5435],[-46.3561,-23.5461],[-46.3571,-23.5489],[-46.3563,-23.5497],[-46.3567,-23.5522],[-46.3549,-23.5543],[-46.3546,-23.5553],[-46.3529,-23.5569],[-46.3538,-23.5587],[-46.3563,-23.5622],[-46.358,-23.5651],[-46.3577,-23.5659],[-46.3542,-23.5657],[-46.353,-23.5674],[-46.3528,-23.5697],[-46.351,-23.5714],[-46.35,-23.5735],[-46.3465,-23.5684],[-46.3443,-23.5649],[-46.3443,-23.564],[-46.3423,-23.5607],[-46.3422,-23.558],[-46.3428,-23.5572],[-46.3413,-23.5516],[-46.341,-23.5487],[-46.3413,-23.5471],[-46.3402,-23.5457],[-46.3382,-23.545],[-46.3373,-23.5435],[-46.3342,-23.5405],[-46.3315,-23.539],[-46.3312,-23.5379],[-46.3317,-23.536],[-46.3311,-23.5331],[-46.3313,-23.5319],[-46.3293,-23.5295],[-46.3298,-23.5267],[-46.3285,-23.5228],[-46.3299,-23.5202],[-46.3291,-23.5192],[-46.3288,-23.5176],[-46.3275,-23.5165],[-46.3252,-23.5158],[-46.3267,-23.5148],[-46.3259,-23.5128],[-46.3247,-23.5116],[-46.3279,-23.5105],[-46.3287,-23.5081],[-46.3301,-23.5064],[-46.3299,-23.5057]]]}},{"type":"Feature","id":"3543303","properties":{"ibge_code":"3543303","name":"Ribeirão Pires","state_code":"SP"},"geometry":{"type":"Polygon","coordinates":[[[-46.3307,-23.7089],[-46.3309,-23.706],[-46.3323,-23.7039],[-46.3322,-23.7015],[-46.3315,-23.6984],[-46.3317,-23.6966],[-46.3335,-23.6935],[-46.3356,-23.6918],[-46.3373,-23.6877],[-46.3369,-23.6863],[-46.3374,-23.6829],[-46.3367,-23.6817],[-46.3385,-23.6779],[-46.3394,-23.6768],[-46.343,-23.6742],[-46.3444,-23.6737],[-46.3467,-23.6711],[-46.3489,-23.6691],[-46.3491,-23.6679],[-46.3507,-23.6664],[-46.3564,-23.6634],[-46.3567,-23.6619],[-46.3583,-23.6605],[-46.3571,-23.6586],[-46.3568,-23.655],[-46.3548,-23.6514],[-46.3553,-23.6496],[-46.3536,-23.6489],[-46.3534,-23.6472],[-46.3545,-23.6456],[-46.3536,-23.6436],[-46.3536,-23.6424],[-46.3556,-23.6394],[-46.3569,-23.6385],[-46.3587,-23.6397],[-46.3608,-23.6402],[-46.3615,-23.6412],[-46.3632,-23.6421],[-46.3656,-23.6423],[-46.3684,-23.6439],[-46.372,-23.6442],[-46.3746,-23.6423],[-46.3758,-23.6406],[-46.3759,-23.6394],[-46.3783,-23.6361],[-46.3787,-23.6338],[-46.3787,-23.6317],[-46.3799,-23.6279],[-46.3828,-23.6224],[-46.3834,-23.6177],[-46.3839,-23.6177],[-46.386,-23.6202],[-46.3873,-23.6208],[-46.3887,-23.6236],[-46.3899,-23.625],[-46.392,-23.6265],[-46.3925,-23.6281],[-46.3922,-23.6293],[-46.394,-23.6305],[-46.3937,-23.6332],[-46.3945,-23.6349],[-46.3944,-23.6371],[-46.3958,-23.6381],[-46.3991,-23.6427],[-46.4,-23.6447],[-46.3995,-23.6468],[-46.3995,-23.6491],[-46.3984,-23.6511],[-46.399,-23.6535],[-46.3985,-23.6552],[-46.3973,-23.6562],[-46.3973,-23.6588],[-46.3962,-23.66],[-46.3945,-23.6644],[-46.393,-23.666],[-46.3931,-23.6679],[-46.3926,-23.669],[-46.3936,-23.672],[-46.3965,-23.671],[-46.3981,-23.6734],[-46.4014,-23.6747],[-46.4033,-23.6761],[-46.4049,-23.6756],[-46.4068,-23.6792],[-46.41,-23.6803],[-46.4118,-23.6817],[-46.412,-23.6845],[-46.4153,-23.6837],[-46.4174,-23.6815],[-46.4192,-23.6815],[-46.4222,-23.6784],[-46.4244,-23.679],[-46.426,-23.6776],[-46.4273,-23.6778],[-46.4282,-23.6795],[-46.4298,-23.6799],[-46.4307,-23.6825],[-46.4304,-23.6842],[-46.4324,-23.6854],[-46.4353,-23.6852],[-46.4369,-23.6882],[-46.4406,-23.6909],[-46.4422,-23.6924],[-46.4431,-23.6939],[-46.4427,-23.6959],[-46.4431,-23.6968],[-46.4452,-23.6977],[-46.446,-23.6991],[-46.4471,-23.6993],[-46.4495,-23.7013],[-46.4498,-23.7027],[-46.4515,-23.7038],[-46.456,-23.7048],[-46.4585,-23.7066],[-46.46,-23.7061],[-46.4613,-23.7069],[-46.4619,-23.7094],[-46.4658,-23.7103],[-46.4688,-23.7127],[-46.4684,-23.7142],[-46.4693,-23.7163],[-46.4754,-23.7162],[-46.4761,-23.7168],[-46.475,-23.7183],[-46.4739,-23.7207],[-46.4703,-23.7234],[-46.4689,-23.7261],[-46.4696,-23.7267],[-46.4697,-23.7297],[-46.4687,-23.7322],[-46.4693,-23.7344],[-46.4702,-23.7355],[-46.4699,-23.7366],[-46.4714,-23.738],[-46.4711,-23.7393],[-46.4678,-23.7408],[-46.4635,-23.7465],[-46.4616,-23.7481],[-46.4578,-23.7507],[-46.4569,-23.7529],[-46.458,-23.7548],[-46.4573,-23.7562],[-46.4544,-23.7568],[-46.4529,-23.759],[-46.4561,-23.7623],[-46.458,-23.7638],[-46.4572,-23.7648],[-46.4568,-23.7677],[-46.4553,-23.7675],[-46.4523,-23.7692],[-46.451,-23.7706],[-46.4501,-23.7707],[-46.4477,-23.7695],[-46.4451,-23.7703],[-46.4442,-23.7687],[-46.4421,-23.7692],[-46.4416,-23.7674],[-46.4397,-23.7661],[-46.4387,-23.7672],[-46.4372,-23.7678],[-46.4332,-23.7673],[-46.4307,-23.7655],[-46.4289,-23.7657],[-46.4274,-23.7648],[-46.4285,-23.7623],[-46.4277,-23.7616],[-46.4254,-23.7609],[-46.423,-23.7609],[-46.4218,-23.7597],[-46.4206,-23.7607],[-46.4187,-23.7594],[-46.4182,-23.7569],[-46.4195,-23.753],[-46.4208,-23.7509],[-46.4198,-23.75],[-46.4188,-23.7472],[-46.4177,-23.7461],[-46.4167,-23.7435],[-46.4149,-23.7412],[-46.4148,-23.7401],[-46.4165,-23.7363],[-46.4165,-23.7353],[-46.4152,-23.7349],[-46.4131,-23.7361],[-46.4119,-23.7357],[-46.4123,-23.7342],[-46.4115,-23.7329],[-46.4097,-23.7318],[-46.4083,-23.7317],[-46.4071,-23.7304],[-46.4052,-23.7298],[-46.401,-23.7302],[-46.4004,-23.7283],[-46.4006,-23.7275],[-46.3988,-23.726],[-46.3986,-23.7227],[-46.3956,-23.7231],[-46.3941,-23.7229],[-46.3927,-23.7234],[-46.3915,-23.7248],[-46.3903,-23.7246],[-46.3882,-23.7233],[-46.3862,-23.7243],[-46.384,-23.7224],[-46.384,-23.7204],[-46.3824,-23.7174],[-46.3844,-23.714],[-46.3857,-23.7129],[-46.3858,-23.7119],[-46.3845,-23.7082],[-46.3813,-23.7081],[-46.3793,-23.7103],[-46.3768,-23.7119],[-46.3752,-23.7109],[-46.3747,-23.7097],[-46.3729,-23.71],[-46.371,-23.7091],[-46.3681,-23.7102],[-46.366,-23.7081],[-46.3646,-23.7081],[-46.3622,-23.7108],[-46.362,-23.7133],[-46.3615,-23.714],[-46.3593,-23.7134],[-46.3581,-23.7139],[-46.3568,-23.7164],[-46.355,-23.7175],[-46.3535,-23.7166],[-46.3498,-23.7169],[-46.349,-23.716],[-46.3465,-23.7155],[-46.3441,-23.7168],[-46.3429,-23.7165],[-46.3423,-23.7151],[-46.34,-23.716],[-46.34,-23.7141],[-46.3392,-23.7134],[-46.3367,-23.713],[-46.3357,-23.7117],[-46.3362,-23.7106],[-46.3366,-23.7075],[-46.3341,-23.7045],[-46.3333,-23.7052],[-46.3317,-23.7092],[-46.3307,-23.7089]]]}},{"type":"Feature","id":"3544103","properties":{"ibge_code":"3544103","name":"Rio Grande da Serra","state_code":"SP"},"geometry":{"type":"Polygon","coordinates":[[[-46.4289,-23.7657],[-46.4279,-23.7677],[-46.4264,-23.7683],[-46.4253,-23.7696],[-46.4269,-23.7714],[-46.4261,-23.774],[-46.4243,-23.7722],[-46.4231,-23.773],[-46.4215,-23.7715],[-46.4206,-23.7715],[-46.4194,-23.773],[-46.4173,-23.772],[-46.4156,-23.773],[-46.4156,-23.7699],[-46.4147,-23.7692],[-46.4125,-23.77],[-46.4073,-23.7698],[-46.4041,-23.7681],[-46.4009,-23.7678],[-46.3993,-23.7664],[-46.3978,-23.7675],[-46.3961,-23.7674],[-46.3909,-23.764],[-46.3874,-23.764],[-46.3868,-23.7623],[-46.3847,-23.762],[-46.3835,-23.7602],[-46.381,-23.7585],[-46.3782,-23.7584],[-46.3763,-23.7588],[-46.3738,-23.7559],[-46.3732,-23.7529],[-46.3713,-23.7527],[-46.3699,-23.7542],[-46.3684,-23.7526],[-46.3671,-23.7532],[-46.3649,-23.753],[-46.3632,-23.7513],[-46.3613,-23.7506],[-46.3592,-23.748],[-46.3587,-23.7468],[-46.3588,-23.7441],[-46.3596,-23.7433],[-46.3617,-23.7429],[-46.3613,-23.7412],[-46.3602,-23.7397],[-46.3576,-23.7399],[-46.3553,-23.7388],[-46.3545,-23.7372],[-46.3531,-23.7364],[-46.3502,-23.7356],[-46.3491,-23.7363],[-46.3466,-23.7365],[-46.3434,-23.7379],[-46.3435,-23.7353],[-46.3415,-23.7344],[-46.3414,-23.733],[-46.3404,-23.7321],[-46.3387,-23.7318],[-46.3379,-23.7297],[-46.3379,-23.7278],[-46.3368,-23.726],[-46.3355,-23.7256],[-46.3334,-23.7272],[-46.3305,-23.7267],[-46.3291,-23.7281],[-46.3281,-23.7284],[-46.3266,-23.7277],[-46.3272,-23.7252],[-46.326,-23.7242],[-46.3266,-23.7212],[-46.3261,-23.7178],[-46.3273,-23.7142],[-46.3262,-23.7132],[-46.3265,-23.7114],[-46.3246,-23.7093],[-46.3247,-23.7062],[-46.3237,-23.7041],[-46.325,-23.7028],[-46.3267,-23.7023],[-46.3285,-23.7025],[-46.3287,-23.7034],[-46.3283,-23.7063],[-46.3295,-23.7083],[-46.3307,-23.7089],[-46.3317,-23.7092],[-46.3333,-23.7052],[-46.3341,-23.7045],[-46.3366,-23.7075],[-46.3362,-23.7106],[-46.3357,-23.7117],[-46.3367,-23.713],[-46.3392,-23.7134],[-46.34,-23.7141],[-46.34,-23.716],[-46.3423,-23.7151],[-46.3429,-23.7165],[-46.3441,-23.7168],[-46.3465,-23.7155],[-46.349,-23.716],[-46.3498,-23.7169],[-46.3535,-23.7166],[-46.355,-23.7175],[-46.3568,-23.7164],[-46.3581,-23.7139],[-46.3593,-23.7134],[-46.3615,-23.714],[-46.362,-23.7133],[-46.3622,-23.7108],[-46.3646,-23.7081],[-46.366,-23.7081],[-46.3681,-23.7102],[-46.371,-23.7091],[-46.3729,-23.71],[-46.3747,-23.7097],[-46.3752,-23.7109],[-46.3768,-23.7119],[-46.3793,-23.7103],[-46.3813,-23.7081],[-46.3845,-23.7082],[-46.3858,-23.7119],[-46.3857,-23.7129],[-46.3844,-23.714],[-46.3824,-23.7174],[-46.384,-23.7204],[-46.384,-23.7224],[-46.3862,-23.7243],[-46.3882,-23.7233],[-46.3903,-23.7246],[-46.3915,-23.7248],[-46.3927,-23.7234],[-46.3941,-23.7229],[-46.3956,-23.7231],[-46.3986,-23.7227],[-46.3988,-23.726],[-46.4006,-23.7275],[-46.4004,-23.7283],[-46.401,-23.7302],[-46.4052,-23.7298],[-46.4071,-23.7304],[-46.4083,-23.7317],[-46.4097,-23.7318],[-46.4115,-23.7329],[-46.4123,-23.7342],[-46.4119,-23.7357],[-46.4131,-23.7361],[-46.4152,-23.7349],[-46.4165,-23.7353],[-46.4165,-23.7363],[-46.4148,-23.7401],[-46.4149,-23.7412],[-46.4167,-23.7435],[-46.4177,-23.7461],[-46.4188,-23.7472],[-46.4198,-23.75],[-46.4208,-23.7509],[-46.4195,-23.753],[-46.4182,-23.7569],[-46.4187,-23.7594],[-46.4206,-23.7607],[-46.4218,-23.7597],[-46.423,-23.7609],[-46.4254,-23.7609],[-46.4277,-23.7616],[-46.4285,-23.7623],[-46.4274,-23.7648],[-46.4289,-23.7657]]]}},{"type":"Feature","id":"3545001","properties":{"ibge_code":"3545001","name":"Salesópolis","state_code":"SP"},"geometry":{"type":"Polygon","coordinates":[[[-45.9927,-23.5199],[-45.9911,-23.5209],[-45.9903,-23.5225],[-45.9868,-23.5236],[-45.9853,-23.5252],[-45.9858,-23.5276],[-45.9846,-23.5288],[-45.9812,-23.5294],[-45.982,-23.531],[-45.9815,-23.5329],[-45.983,-23.5337],[-45.9842,-23.5352],[-45.987,-23.5376],[-45.9868,-23.539],[-45.9832,-23.5407],[-45.9804,-23.5417],[-45.9782,-23.5415],[-45.976,-23.5401],[-45.9728,-23.5392],[-45.9698,-23.5389],[-45.968,-23.5406],[-45.9687,-23.542],[-45.9682,-23.543],[-45.9668,-23.5428],[-45.9653,-23.5437],[-45.9659,-23.5452],[-45.968,-23.5458],[-45.9689,-23.5477],[-45.9682,-23.5494],[-45.9651,-23.5536],[-45.9652,-23.5808],[-45.9637,-23.5812],[-45.9623,-23.5808],[-45.9567,-23.5805],[-45.9498,-23.581],[-45.9475,-23.581],[-45.945,-23.5816],[-45.9404,-23.5834],[-45.9357,-23.5862],[-45.9338,-23.5883],[-45.9316,-23.5915],[-45.9304,-23.594],[-45.9293,-23.5985],[-45.9289,-23.6036],[-45.9303,-23.6091],[-45.9317,-23.6113],[-45.934,-23.6135],[-45.939,-23.617],[-45.9457,-23.6225],[-45.9484,-23.6255],[-45.9514,-23.6282],[-45.953,-23.629],[-45.9542,-23.6303],[-45.9569,-23.6319],[-45.9596,-23.634],[-45.955,-23.6348],[-45.9523,-23.6341],[-45.9484,-23.6339],[-45.9474,-23.6357],[-45.9445,-23.6341],[-45.9436,-23.6342],[-45.9394,-23.6323],[-45.9381,-23.6337],[-45.9378,-23.6349],[-45.9363,-23.6355],[-45.9347,-23.635],[-45.933,-23.6328],[-45.932,-23.6336],[-45.9328,-23.6357],[-45.9305,-23.637],[-45.9284,-23.6375],[-45.9288,-23.6397],[-45.9327,-23.6413],[-45.9322,-23.6433],[-45.9355,-23.6429],[-45.9364,-23.6439],[-45.937,-23.6462],[-45.9359,-23.6473],[-45.9339,-23.6477],[-45.934,-23.6493],[-45.9321,-23.6514],[-45.9333,-23.6523],[-45.9359,-23.6512],[-45.9384,-23.651],[-45.9392,-23.6522],[-45.9382,-23.6536],[-45.9363,-23.6542],[-45.9364,-23.6555],[-45.9382,-23.6575],[-45.9378,-23.6585],[-45.9355,-23.6583],[-45.9342,-23.6604],[-45.9322,-23.6596],[-45.9299,-23.6599],[-45.9295,-23.6582],[-45.9272,-23.6569],[-45.9245,-23.6569],[-45.9238,-23.6555],[-45.9217,-23.6558],[-45.9224,-23.658],[-45.921,-23.6593],[-45.9207,-23.6642],[-45.9196,-23.6641],[-45.918,-23.6653],[-45.9168,-23.6654],[-45.9161,-23.6669],[-45.9151,-23.6656],[-45.913,-23.6652],[-45.9119,-23.6644],[-45.9088,-23.6648],[-45.9056,-23.6643],[-45.9049,-23.6631],[-45.9055,-23.6608],[-45.9049,-23.6604],[-45.9015,-23.6594],[-45.9003,-23.6586],[-45.8999,-23.6562],[-45.8976,-23.6563],[-45.8946,-23.6553],[-45.8919,-23.6559],[-45.89,-23.6571],[-45.8872,-23.6573],[-45.8836,-23.6535],[-45.8776,-23.6535],[-45.8756,-23.6542],[-45.8737,-23.6527],[-45.8726,-23.6531],[-45.8721,-23.6548],[-45.87,-23.6552],[-45.8668,-23.6544],[-45.8648,-23.6527],[-45.863,-23.6521],[-45.862,-23.6523],[-45.8597,-23.6549],[-45.8574,-23.6551],[-45.8556,-23.6535],[-45.8565,-23.6506],[-45.855,-23.6497],[-45.8547,-23.6467],[-45.8539,-23.6464],[-45.851,-23.6477],[-45.8503,-23.6473],[-45.8504,-23.6442],[-45.8484,-23.644],[-45.848,-23.6453],[-45.8469,-23.6455],[-45.8461,-23.6439],[-45.8448,-23.6438],[-45.8431,-23.6472],[-45.8411,-23.6486],[-45.8373,-23.6481],[-45.8363,-23.649],[-45.8345,-23.6483],[-45.8334,-23.6487],[-45.8327,-23.6513],[-45.831,-23.6518],[-45.8317,-23.6537],[-45.8331,-23.6559],[-45.8317,-23.6573],[-45.8318,-23.6612],[-45.831,-23.6626],[-45.8314,-23.6636],[-45.8328,-23.6646],[-45.8352,-23.6649],[-45.838,-23.6691],[-45.8374,-23.6699],[-45.834,-23.6701],[-45.8329,-23.6698],[-45.8314,-23.6719],[-45.8294,-23.6724],[-45.8302,-23.6747],[-45.8265,-23.6744],[-45.8247,-23.6749],[-45.8233,-23.6762],[-45.8217,-23.6749],[-45.8184,-23.6754],[-45.8164,-23.6768],[-45.8138,-23.6769],[-45.8108,-23.6766],[-45.8098,-23.6757],[-45.8078,-23.6756],[-45.8054,-23.6767],[-45.8018,-23.6761],[-45.8003,-23.6762],[-45.7982,-23.6754],[-45.7947,-23.6796],[-45.794,-23.6807],[-45.7961,-23.683],[-45.7914,-23.6831],[-45.7889,-23.6803],[-45.7867,-23.6785],[-45.7852,-23.6798],[-45.785,-23.6811],[-45.7841,-23.6818],[-45.7811,-23.682],[-45.7773,-23.6829],[-45.7756,-23.6811],[-45.7741,-23.6808],[-45.7713,-23.6789],[-45.7692,-23.6782],[-45.7679,-23.6753],[-45.7648,-23.6742],[-45.7626,-23.6707],[-45.7611,-23.6711],[-45.7535,-23.6713],[-45.751,-23.6704],[-45.7499,-23.6707],[-45.7452,-23.6683],[-45.7417,-23.6682],[-45.7385,-23.6649],[-45.7379,-23.6624],[-45.7353,-23.6596],[-45.7337,-23.6564],[-45.7283,-23.656],[-45.7266,-23.6535],[-45.725,-23.6522],[-45.721,-23.6504],[-45.7196,-23.6489],[-45.7183,-23.6469],[-45.7138,-23.643],[-45.7117,-23.6422],[-45.7113,-23.6439],[-45.7103,-23.6453],[-45.7075,-23.6448],[-45.7065,-23.6421],[-45.7038,-23.6391],[-45.7036,-23.6377],[-45.7025,-23.6369],[-45.7001,-23.6338],[-45.6953,-23.6315],[-45.6948,-23.6308],[-45.6953,-23.6289],[-45.6968,-23.6272],[-45.6978,-23.625],[-45.6968,-23.6222],[-45.6975,-23.6202],[-45.7,-23.6175],[-45.7004,-23.6161],[-45.7017,-23.6149],[-45.7018,-23.6135],[-45.7035,-23.6112],[-45.7031,-23.61],[-45.7018,-23.6088],[-45.7031,-23.606],[-45.703,-23.6042],[-45.7058,-23.6017],[-45.708,-23.6027],[-45.7121,-23.606],[-45.7132,-23.6064],[-45.7149,-23.6087],[-45.721,-23.6067],[-45.7222,-23.6052],[-45.7222,-23.6034],[-45.7213,-23.6008],[-45.7217,-23.5994],[-45.7239,-23.5982],[-45.7256,-23.5985],[-45.7279,-23.6005],[-45.7334,-23.6032],[-45.7404,-23.6039],[-45.7419,-23.6036],[-45.7438,-23.6021],[-45.7435,-23.6012],[-45.74,-23.5988],[-45.7393,-23.596],[-45.737,-23.5951],[-45.7363,-23.5942],[-45.7345,-23.5935],[-45.7339,-23.5924],[-45.7339,-23.5867],[-45.7354,-23.5865],[-45.7377,-23.5869],[-45.7392,-23.5866],[-45.7404,-23.585],[-45.7396,-23.5833],[-45.7374,-23.5809],[-45.7356,-23.5783],[-45.7326,-23.5777],[-45.7312,-23.5764],[-45.7309,-23.5745],[-45.7315,-23.5735],[-45.7334,-23.5721],[-45.7363,-23.5718],[-45.7415,-23.5722],[-45.7431,-23.5705],[-45.744,-23.5687],[-45.7458,-23.5667],[-45.746,-23.5648],[-45.7431,-23.5635],[-45.7413,-23.5618],[-45.7413,-23.561],[-45.7429,-23.5591],[-45.7429,-23.5583],[-45.7446,-23.5567],[-45.7463,-23.5561],[-45.747,-23.5549],[-45.7466,-23.5525],[-45.7469,-23.5504],[-45.7461,-23.5478],[-45.7466,-23.5463],[-45.7464,-23.5439],[-45.7458,-23.5424],[-45.7465,-23.5389],[-45.7481,-23.5374],[-45.7523,-23.5342],[-45.754,-23.532],[-45.7543,-23.5284],[-45.7538,-23.528],[-45.7546,-23.5257],[-45.7585,-23.5247],[-45.7593,-23.524],[-45.7597,-23.5205],[-45.7619,-23.5185],[-45.7606,-23.515],[-45.7594,-23.514],[-45.7589,-23.5127],[-45.7561,-23.5122],[-45.756,-23.5112],[-45.7595,-23.5115],[-45.7636,-23.5112],[-45.7652,-23.51],[-45.7695,-23.509],[-45.7723,-23.5072],[-45.7739,-23.5084],[-45.7784,-23.5094],[-45.7834,-23.51],[-45.7884,-23.5092],[-45.7891,-23.5076],[-45.7911,-23.5063],[-45.7902,-23.5031],[-45.7886,-23.5019],[-45.7893,-23.5005],[-45.7892,-23.499],[-45.7899,-23.4972],[-45.7876,-23.4958],[-45.788,-23.4936],[-45.7888,-23.4929],[-45.7923,-23.4926],[-45.7952,-23.4912],[-45.7976,-23.4916],[-45.7994,-23.4931],[-45.8001,-23.4947],[-45.8042,-23.4943],[-45.8116,-23.498],[-45.813,-23.4997],[-45.8136,-23.4993],[-45.8169,-23.4915],[-45.8183,-23.4896],[-45.8194,-23.4891],[-45.8235,-23.4891],[-45.8256,-23.4875],[-45.8288,-23.4869],[-45.8301,-23.485],[-45.8327,-23.4845],[-45.8356,-23.4826],[-45.8373,-23.4793],[-45.8373,-23.478],[-45.8364,-23.4762],[-45.8378,-23.4738],[-45.8406,-23.4723],[-45.8414,-23.4733],[-45.8431,-23.4743],[-45.846,-23.4738],[-45.8471,-23.4745],[-45.849,-23.4785],[-45.8509,-23.4802],[-45.8529,-23.481],[-45.858,-23.4815],[-45.8608,-23.4832],[-45.8646,-23.4829],[-45.8658,-23.4833],[-45.8696,-23.4864],[-45.8712,-23.4894],[-45.8732,-23.4905],[-45.8758,-23.4896],[-45.8776,-23.49],[-45.8809,-23.493],[-45.8827,-23.4954],[-45.8847,-23.4945],[-45.8858,-23.4933],[-45.8874,-23.4925],[-45.8886,-23.4948],[-45.8913,-23.4969],[-45.8933,-23.4968],[-45.8971,-23.4976],[-45.899,-23.4986],[-45.9011,-23.5006],[-45.9017,-23.5036],[-45.9026,-23.5048],[-45.9041,-23.5053],[-45.9073,-23.5054],[-45.9113,-23.5068],[-45.9136,-23.5053],[-45.9159,-23.5058],[-45.9181,-23.5053],[-45.9192,-23.5027],[-45.9215,-23.5005],[-45.9239,-23.5],[-45.9255,-23.499],[-45.9281,-23.4993],[-45.9295,-23.4987],[-45.9308,-23.4972],[-45.9336,-23.4973],[-45.9369,-23.4961],[-45.9394,-23.4944],[-45.941,-23.4949],[-45.9459,-23.4957],[-45.947,-23.4964],[-45.9497,-23.5005],[-45.9543,-23.5],[-45.9584,-23.4986],[-45.9612,-23.4986],[-45.9619,-23.4971],[-45.9654,-23.4994],[-45.9679,-23.5004],[-45.9725,-23.503],[-45.9752,-23.5035],[-45.9777,-23.5066],[-45.9779,-23.5096],[-45.9798,-23.5111],[-45.9813,-23.5137],[-45.9829,-23.5149],[-45.9841,-23.518],[-45.9855,-23.5173],[-45.9887,-23.5188],[-45.9927,-23.5199]]]}},{"type":"Feature","id":"3546801","properties":{"ibge_code":"3546801","name":"Santa Isabel","state_code":"SP"},"geometry":{"type":"Polygon","coordinates":[[[-46.1575,-23.3428],[-46.1578,-23.3423],[-46.1562,-23.3398],[-46.1545,-23.3397],[-46.1536,-23.3388],[-46.1521,-23.3385],[-46.1495,-23.336],[-46.148,-23.3352],[-46.1451,-23.333],[-46.1446,-23.3317],[-46.1425,-23.3312],[-46.1406,-23.3289],[-46.1396,-23.3292],[-46.1375,-23.3275],[-46.1366,-23.3276],[-46.1339,-23.3261],[-46.1338,-23.3243],[-46.1315,-23.3226],[-46.1305,-23.3232],[-46.127,-23.3216],[-46.1262,-23.3217],[-46.1243,-23.3197],[-46.116,-23.3139],[-46.1148,-23.3135],[-46.1127,-23.3097],[-46.1107,-23.3104],[-46.1093,-23.3103],[-46.1055,-23.311],[-46.1029,-23.3099],[-46.1015,-23.3086],[-46.1015,-23.3072],[-46.1007,-23.3056],[-46.1029,-23.3029],[-46.1069,-23.3026],[-46.1088,-23.3017],[-46.1104,-23.3016],[-46.1109,-23.3005],[-46.1138,-23.2993],[-46.1151,-23.2966],[-46.115,-23.294],[-46.1134,-23.292],[-46.1137,-23.2897],[-46.1127,-23.2886],[-46.113,-23.2869],[-46.114,-23.2855],[-46.1156,-23.2851],[-46.1192,-23.2854],[-46.122,-23.2892],[-46.1237,-23.2902],[-46.1249,-23.2897],[-46.1259,-23.2879],[-46.1269,-23.2873],[-46.1349,-23.2879],[-46.1369,-23.2874],[-46.1392,-23.285],[-46.1394,-23.2823],[-46.1388,-23.281],[-46.1397,-23.2796],[-46.1419,-23.2773],[-46.1438,-23.2768],[-46.1445,-23.276],[-46.1451,-23.2738],[-46.1463,-23.2735],[-46.1489,-23.2747],[-46.151,-23.2743],[-46.152,-23.2724],[-46.152,-23.2675],[-46.1534,-23.2656],[-46.1509,-23.2645],[-46.1507,-23.2619],[-46.1494,-23.2612],[-46.1486,-23.2596],[-46.1473,-23.2591],[-46.1457,-23.2568],[-46.1486,-23.2568],[-46.1521,-23.2573],[-46.1551,-23.2556],[-46.1564,-23.2554],[-46.1569,-23.2537],[-46.156,-23.2513],[-46.1563,-23.2492],[-46.1582,-23.2466],[-46.1574,-23.2444],[-46.1574,-23.2419],[-46.1551,-23.241],[-46.1541,-23.2397],[-46.153,-23.2361],[-46.1542,-23.2353],[-46.1579,-23.2359],[-46.16,-23.2356],[-46.1621,-23.2346],[-46.165,-23.2351],[-46.1667,-23.2325],[-46.1691,-23.2308],[-46.1713,-23.2299],[-46.1732,-23.2309],[-46.1747,-23.231],[-46.1772,-23.2292],[-46.1789,-23.2272],[-46.1813,-23.2268],[-46.1825,-23.2262],[-46.1834,-23.2245],[-46.185,-23.2241],[-46.188,-23.2249],[-46.1897,-23.2239],[-46.1907,-23.2214],[-46.1935,-23.2197],[-46.1958,-23.2192],[-46.1964,-23.218],[-46.1964,-23.2141],[-46.1958,-23.2106],[-46.1972,-23.2099],[-46.1981,-23.2085],[-46.2022,-23.2078],[-46.2038,-23.2081],[-46.2054,-23.209],[-46.2075,-23.207],[-46.2083,-23.2048],[-46.21,-23.2042],[-46.2144,-23.2005],[-46.2171,-23.2],[-46.2187,-23.1974],[-46.2244,-23.1964],[-46.2251,-23.1957],[-46.2274,-23.1898],[-46.2284,-23.1891],[-46.2306,-23.1891],[-46.2326,-23.1897],[-46.2341,-23.1872],[-46.2369,-23.1867],[-46.2384,-23.1874],[-46.2413,-23.1871],[-46.2447,-23.1859],[-46.2493,-23.1879],[-46.2504,-23.189],[-46.2522,-23.1884],[-46.2536,-23.1871],[-46.2577,-23.1858],[-46.2596,-23.1864],[-46.2622,-23.1864],[-46.2631,-23.188],[-46.2646,-23.1885],[-46.2656,-23.1897],[-46.2681,-23.1906],[-46.2693,-23.1903],[-46.271,-23.1876],[-46.2737,-23.1869],[-46.2758,-23.1849],[-46.2783,-23.1847],[-46.2798,-23.1837],[-46.2819,-23.1834],[-46.2836,-23.1842],[-46.2851,-23.1895],[-46.2856,-23.1907],[-46.2895,-23.1929],[-46.2924,-23.1938],[-46.2958,-23.1957],[-46.2966,-23.1968],[-46.2986,-23.1964],[-46.3016,-23.1983],[-46.303,-23.1975],[-46.3057,-23.1973],[-46.3077,-23.198],[-46.3089,-23.2003],[-46.3076,-23.2024],[-46.3077,-23.2031],[-46.31,-23.205],[-46.309,-23.207],[-46.3088,-23.2086],[-46.3074,-23.2103],[-46.306,-23.2109],[-46.3055,-23.213],[-46.3068,-23.2159],[-46.3071,-23.2175],[-46.3092,-23.2201],[-46.3089,-23.2229],[-46.3108,-23.2246],[-46.3113,-23.2271],[-46.3141,-23.2286],[-46.3161,-23.2319],[-46.3176,-23.2337],[-46.3221,-23.2372],[-46.3231,-23.2386],[-46.3272,-23.2414],[-46.3294,-23.2448],[-46.3297,-23.2463],[-46.3331,-23.247],[-46.3369,-23.2505],[-46.3398,-23.2514],[-46.344,-23.2515],[-46.345,-23.2522],[-46.3475,-23.2522],[-46.3482,-23.2528],[-46.3481,-23.2546],[-46.3492,-23.2559],[-46.35,-23.258],[-46.3518,-23.2607],[-46.3539,-23.2627],[-46.3539,-23.265],[-46.3559,-23.2649],[-46.3579,-23.2656],[-46.3598,-23.2678],[-46.3594,-23.2709],[-46.3571,-23.2721],[-46.358,-23.2731],[-46.3629,-23.2735],[-46.3642,-23.2741],[-46.3624,-23.276],[-46.362,-23.2771],[-46.3627,-23.2784],[-46.3618,-23.2828],[-46.3609,-23.284],[-46.3592,-23.2851],[-46.3566,-23.288],[-46.3562,-23.2895],[-46.3578,-23.2909],[-46.358,-23.2936],[-46.357,-23.2959],[-46.3554,-23.2978],[-46.3561,-23.2997],[-46.3563,-23.3026],[-46.3587,-23.3051],[-46.3581,-23.3078],[-46.3564,-23.3088],[-46.3553,-23.3101],[-46.3559,-23.3144],[-46.3581,-23.3171],[-46.3581,-23.3181],[-46.3569,-23.3215],[-46.3544,-23.3243],[-46.354,-23.3263],[-46.3504,-23.329],[-46.3454,-23.3294],[-46.3413,-23.3287],[-46.3368,-23.3291],[-46.336,-23.3298],[-46.336,-23.333],[-46.3365,-23.3348],[-46.3351,-23.3348],[-46.3345,-23.332],[-46.3311,-23.3304],[-46.3275,-23.3293],[-46.3278,-23.3282],[-46.3252,-23.3275],[-46.3231,-23.3283],[-46.323,-23.3268],[-46.3198,-23.3265],[-46.319,-23.325],[-46.3145,-23.3233],[-46.3126,-23.322],[-46.3128,-23.3239],[-46.3117,-23.3247],[-46.3093,-23.3228],[-46.3079,-23.3227],[-46.3054,-23.3215],[-46.3042,-23.3217],[-46.303,-23.3237],[-46.3016,-23.3236],[-46.3007,-23.3245],[-46.2992,-23.3245],[-46.2986,-23.3274],[-46.297,-23.3293],[-46.2983,-23.3313],[-46.2968,-23.3323],[-46.2971,-23.3333],[-46.2945,-23.3335],[-46.2899,-23.3372],[-46.2936,-23.3389],[-46.2935,-23.342],[-46.2927,-23.3432],[-46.2917,-23.346],[-46.2925,-23.3509],[-46.2918,-23.352],[-46.293,-23.3542],[-46.2928,-23.3569],[-46.2931,-23.3594],[-46.2941,-23.3608],[-46.2937,-23.3651],[-46.2942,-23.3662],[-46.2943,-23.3694],[-46.2931,-23.371],[-46.2747,-23.3885],[-46.2726,-23.3889],[-46.272,-23.3902],[-46.2702,-23.3918],[-46.2686,-23.3937],[-46.266,-23.3961],[-46.2648,-23.3966],[-46.261,-23.3997],[-46.2584,-23.4],[-46.258,-23.4021],[-46.257,-23.4038],[-46.2562,-23.4062],[-46.2528,-23.4047],[-46.2516,-23.4059],[-46.2484,-23.4052],[-46.2477,-23.4056],[-46.2462,-23.4078],[-46.245,-23.4076],[-46.2427,-23.4056],[-46.2422,-23.4045],[-46.2442,-23.4031],[-46.2425,-23.4021],[-46.2407,-23.4002],[-46.2413,-23.3994],[-46.2402,-23.3973],[-46.2412,-23.3954],[-46.241,-23.3924],[-46.2384,-23.3922],[-46.2373,-23.3909],[-46.2354,-23.3915],[-46.2331,-23.3913],[-46.2318,-23.3906],[-46.2306,-23.3882],[-46.2295,-23.3874],[-46.228,-23.3856],[-46.2269,-23.3851],[-46.227,-23.3836],[-46.226,-23.3831],[-46.2244,-23.3836],[-46.2204,-23.3861],[-46.2195,-23.3859],[-46.2181,-23.3813],[-46.2168,-23.3805],[-46.2162,-23.3782],[-46.215,-23.3773],[-46.2128,-23.3776],[-46.2105,-23.374],[-46.2083,-23.3736],[-46.2045,-23.3716],[-46.204,-23.3701],[-46.2026,-23.3692],[-46.2023,-23.3678],[-46.1994,-23.3661],[-46.1955,-23.3648],[-46.1935,-23.3634],[-46.1922,-23.3631],[-46.1908,-23.364],[-46.1887,-23.3629],[-46.1874,-23.3599],[-46.1838,-23.3576],[-46.1823,-23.3574],[-46.1809,-23.3564],[-46.1799,-23.3565],[-46.1773,-23.358],[-46.173,-23.3584],[-46.1709,-23.3577],[-46.1691,-23.3582],[-46.1674,-23.3578],[-46.1669,-23.3554],[-46.1655,-23.3545],[-46.1651,-23.3528],[-46.1631,-23.3516],[-46.1618,-23.3488],[-46.1633,-23.3469],[-46.1629,-23.3459],[-46.1575,-23.3428]]]}},{"type":"Feature","id":"3547304","properties":{"ibge_code":"3547304","name":"Santana de Parnaíba","state_code":"SP"},"geometry":{"type":"Polygon","coordinates":[[[-46.8233,-23.4224],[-46.8266,-23.4231],[-46.8277,-23.424],[-46.8295,-23.4244],[-46.8304,-23.428],[-46.8304,-23.4297],[-46.8318,-23.4303],[-46.8339,-23.4291],[-46.8347,-23.4273],[-46.836,-23.4258],[-46.8381,-23.4258],[-46.8398,-23.4244],[-46.8406,-23.4229],[-46.8416,-23.4228],[-46.8423,-23.4212],[-46.8465,-23.4214],[-46.8482,-23.4211],[-46.8531,-23.4216],[-46.8564,-23.4191],[-46.8593,-23.4187],[-46.8628,-23.4195],[-46.8642,-23.4185],[-46.8654,-23.4165],[-46.8693,-23.415],[-46.868,-23.4138],[-46.8679,-23.4117],[-46.8697,-23.4111],[-46.8689,-23.4092],[-46.8691,-23.4081],[-46.8685,-23.4062],[-46.8673,-23.4052],[-46.8698,-23.4032],[-46.8705,-23.4009],[-46.8723,-23.4013],[-46.8735,-23.3993],[-46.8759,-23.3988],[-46.8775,-23.398],[-46.8787,-23.3968],[-46.8798,-23.3974],[-46.8819,-23.3959],[-46.8842,-23.3958],[-46.885,-23.3953],[-46.8863,-23.3962],[-46.8858,-23.3976],[-46.8869,-23.3986],[-46.8867,-23.3995],[-46.8908,-23.3985],[-46.8949,-23.4],[-46.8974,-23.3994],[-46.8991,-23.3998],[-46.9012,-23.3996],[-46.9018,-23.3985],[-46.9042,-23.3981],[-46.9056,-23.3972],[-46.9057,-23.3958],[-46.9083,-23.3949],[-46.9096,-23.3958],[-46.9119,-23.3933],[-46.9123,-23.3924],[-46.9145,-23.3925],[-46.9149,-23.391],[-46.9128,-23.3897],[-46.9141,-23.3868],[-46.9168,-23.3894],[-46.9189,-23.3902],[-46.9222,-23.3898],[-46.9239,-23.3889],[-46.9282,-23.3896],[-46.9288,-23.3875],[-46.9308,-23.3873],[-46.933,-23.3852],[-46.9357,-23.3851],[-46.9365,-23.3862],[-46.9357,-23.3875],[-46.9366,-23.389],[-46.9396,-23.3888],[-46.9404,-23.3894],[-46.9413,-23.3916],[-46.9423,-23.3908],[-46.9445,-23.3915],[-46.947,-23.3912],[-46.9498,-23.3926],[-46.9514,-23.3957],[-46.9524,-23.3968],[-46.9542,-23.3967],[-46.9556,-23.3975],[-46.9548,-23.3987],[-46.9514,-23.3994],[-46.9478,-23.3989],[-46.9449,-23.4005],[-46.9443,-23.4018],[-46.9453,-23.4029],[-46.9492,-23.4044],[-46.9504,-23.4055],[-46.9513,-23.4076],[-46.9512,-23.409],[-46.9543,-23.4111],[-46.9555,-23.4103],[-46.9587,-23.4109],[-46.9596,-23.4105],[-46.9625,-23.4111],[-46.9639,-23.4108],[-46.9656,-23.4123],[-46.9672,-23.419],[-46.969,-23.4206],[-46.97,-23.4242],[-46.9709,-23.4255],[-46.9752,-23.4265],[-46.9787,-23.4293],[-46.9799,-23.4297],[-46.9848,-23.4328],[-46.9867,-23.4334],[-46.99,-23.4336],[-46.9908,-23.431],[-46.9929,-23.431],[-46.9947,-23.4297],[-46.9961,-23.4295],[-46.9981,-23.4308],[-47.0003,-23.4313],[-47.0019,-23.4309],[-47.0067,-23.4313],[-47.0086,-23.4319],[-47.01,-23.4328],[-47.0124,-23.4328],[-47.0162,-23.4323],[-47.0183,-23.4327],[-47.0236,-23.4324],[-47.0255,-23.4342],[-47.0289,-23.4347],[-47.0328,-23.4359],[-47.0375,-23.4356],[-47.0359,-23.4371],[-47.0332,-23.4378],[-47.0316,-23.441],[-47.0293,-23.4425],[-47.0279,-23.4422],[-47.0267,-23.4411],[-47.0236,-23.441],[-47.0211,-23.4428],[-47.0202,-23.4442],[-47.0189,-23.4443],[-47.0168,-23.4457],[-47.0157,-23.4454],[-47.0107,-23.4464],[-47.0123,-23.4482],[-47.0107,-23.4501],[-47.012,-23.4517],[-47.0119,-23.4542],[-47.0137,-23.4551],[-47.014,-23.4578],[-47.013,-23.4583],[-47.0112,-23.4604],[-47.0117,-23.4643],[-47.0129,-23.4678],[-47.0151,-23.4703],[-47.017,-23.4721],[-47.0172,-23.4731],[-47.016,-23.4749],[-47.0139,-23.477],[-47.0137,-23.4781],[-47.0166,-23.4806],[-47.0179,-23.4827],[-47.017,-23.4846],[-47.015,-23.4844],[-47.0133,-23.4855],[-47.0129,-23.4869],[-47.0114,-23.4898],[-47.01,-23.491],[-47.0089,-23.4947],[-47.0064,-23.4973],[-47.0041,-23.4992],[-47.0032,-23.501],[-47.0031,-23.5026],[-47.0009,-23.5057],[-46.9964,-23.5071],[-46.995,-23.507],[-46.9918,-23.507],[-46.9905,-23.5079],[-46.9889,-23.5081],[-46.9871,-23.5059],[-46.9871,-23.5046],[-46.9855,-23.5036],[-46.9831,-23.5038],[-46.9799,-23.5049],[-46.9754,-23.5024],[-46.9733,-23.5028],[-46.9718,-23.5015],[-46.9698,-23.5011],[-46.9673,-23.5017],[-46.9663,-23.5014],[-46.9645,-23.4987],[-46.9654,-23.497],[-46.9635,-23.4937],[-46.9613,-23.4926],[-46.9573,-23.4913],[-46.9557,-23.4895],[-46.9565,-23.4878],[-46.9557,-23.4861],[-46.9541,-23.4861],[-46.9533,-23.4838],[-46.9483,-23.4852],[-46.9471,-23.4849],[-46.9447,-23.4862],[-46.9442,-23.4877],[-46.9418,-23.486],[-46.9397,-23.4863],[-46.9386,-23.4872],[-46.9366,-23.4878],[-46.9353,-23.4871],[-46.933,-23.4869],[-46.9314,-23.4871],[-46.9304,-23.4883],[-46.9288,-23.4879],[-46.9254,-23.4888],[-46.924,-23.4887],[-46.9197,-23.4871],[-46.9179,-23.4879],[-46.9149,-23.4884],[-46.9144,-23.4901],[-46.9126,-23.4913],[-46.9087,-23.4912],[-46.9068,-23.4906],[-46.9047,-23.4906],[-46.9029,-23.4914],[-46.9005,-23.4916],[-46.899,-23.4911],[-46.8985,-23.4896],[-46.8962,-23.4861],[-46.8966,-23.485],[-46.8931,-23.484],[-46.8887,-23.4841],[-46.889,-23.4809],[-46.8884,-23.4792],[-46.8884,-23.4747],[-46.8863,-23.4741],[-46.8854,-23.473],[-46.8822,-23.4727],[-46.8807,-23.4722],[-46.8792,-23.4708],[-46.8785,-23.4736],[-46.8792,-23.4764],[-46.8789,-23.4784],[-46.8776,-23.4801],[-46.8762,-23.4798],[-46.8697,-23.4774],[-46.8679,-23.4781],[-46.8678,-23.479],[-46.8663,-23.4794],[-46.8651,-23.4811],[-46.8629,-23.4812],[-46.8616,-23.4829],[-46.8574,-23.4833],[-46.8552,-23.4839],[-46.8526,-23.4839],[-46.8501,-23.4826],[-46.8487,-23.4809],[-46.8461,-23.4828],[-46.8436,-23.482],[-46.8417,-23.483],[-46.8398,-23.4833],[-46.8389,-23.4825],[-46.837,-23.4829],[-46.8353,-23.4846],[-46.8342,-23.4845],[-46.8321,-23.4828],[-46.8294,-23.4823],[-46.8272,-23.4824],[-46.8264,-23.4817],[-46.8234,-23.481],[-46.8224,-23.4816],[-46.8209,-23.4805],[-46.8195,-23.4823],[-46.8167,-23.4828],[-46.8152,-23.4839],[-46.8149,-23.4856],[-46.8123,-23.4844],[-46.8107,-23.4855],[-46.8082,-23.4846],[-46.8069,-23.4821],[-46.8071,-23.4806],[-46.8065,-23.4787],[-46.8068,-23.4779],[-46.8064,-23.4759],[-46.8052,-23.4743],[-46.8025,-23.4733],[-46.8007,-23.4704],[-46.8003,-23.4693],[-46.801,-23.467],[-46.8022,-23.4659],[-46.8054,-23.4625],[-46.8058,-23.4601],[-46.8056,-23.4576],[-46.8059,-23.4558],[-46.8086,-23.4518],[-46.8093,-23.448],[-46.8091,-23.4462],[-46.8095,-23.4451],[-46.8095,-23.4423],[-46.8116,-23.4407],[-46.8115,-23.4369],[-46.8127,-23.435],[-46.8152,-23.4336],[-46.8156,-23.4317],[-46.8169,-23.4297],[-46.8196,-23.4289],[-46.8215,-23.4271],[-46.8226,-23.4253],[-46.8233,-23.4224]]]}},{"type":"Feature","id":"3547809","properties":{"ibge_code":"3547809","name":"Santo André","state_code":"SP"},"geometry":{"type":"Polygon","coordinates":[[[-46.5672,-23.6502],[-46.5656,-23.6506],[-46.5637,-23.6522],[-46.5629,-23.6538],[-46.5613,-23.6552],[-46.5598,-23.6577],[-46.5536,-23.6664],[-46.5531,-23.6676],[-46.5531,-23.6694],[-46.554,-23.6721],[-46.5532,-23.6745],[-46.5532,-23.6762],[-46.5536,-23.6784],[-46.5546,-23.6794],[-46.5546,-23.6809],[-46.5532,-23.6837],[-46.5498,-23.6847],[-46.5451,-23.6838],[-46.5426,-23.6849],[-46.5395,-23.6875],[-46.5392,-23.6889],[-46.5377,-23.6905],[-46.5369,-23.6941],[-46.5369,-23.6963],[-46.5342,-23.6978],[-46.5341,-23.6992],[-46.5322,-23.701],[-46.5301,-23.7016],[-46.5291,-23.7034],[-46.5263,-23.7021],[-46.5237,-23.7014],[-46.522,-23.7025],[-46.5201,-23.7006],[-46.5193,-23.7037],[-46.5178,-23.7041],[-46.5168,-23.7054],[-46.5177,-23.7071],[-46.5173,-23.7097],[-46.5204,-23.7115],[-46.5219,-23.7147],[-46.5203,-23.7165],[-46.5184,-23.718],[-46.5174,-23.7203],[-46.5177,-23.7244],[-46.5169,-23.7278],[-46.5178,-23.7312],[-46.52,-23.7339],[-46.5203,-23.7353],[-46.5194,-23.7358],[-46.5177,-23.7379],[-46.5185,-23.74],[-46.5175,-23.7422],[-46.5192,-23.7444],[-46.5211,-23.7458],[-46.523,-23.7461],[-46.5256,-23.7456],[-46.5276,-23.7471],[-46.5279,-23.7484],[-46.5252,-23.7497],[-46.5231,-23.7501],[-46.5212,-23.7491],[-46.5195,-23.7494],[-46.5184,-23.7481],[-46.5145,-23.7476],[-46.5133,-23.7468],[-46.5117,-23.7477],[-46.5093,-23.7466],[-46.5074,-23.745],[-46.5065,-23.7433],[-46.504,-23.7448],[-46.5025,-23.7449],[-46.501,-23.7463],[-46.4994,-23.746],[-46.4965,-23.7478],[-46.4953,-23.7503],[-46.4891,-23.7568],[-46.4844,-23.7622],[-46.4818,-23.7639],[-46.4786,-23.7654],[-46.4768,-23.7669],[-46.4756,-23.7689],[-46.475,-23.7715],[-46.4736,-23.7731],[-46.4711,-23.774],[-46.4683,-23.7771],[-46.4656,-23.7782],[-46.4644,-23.7792],[-46.464,-23.7813],[-46.4618,-23.7828],[-46.4601,-23.7848],[-46.4589,-23.7842],[-46.457,-23.785],[-46.4573,-23.7866],[-46.4569,-23.7881],[-46.4554,-23.7905],[-46.4528,-23.7931],[-46.4495,-23.7958],[-46.4418,-23.8],[-46.4389,-23.8004],[-46.4373,-23.8001],[-46.434,-23.8012],[-46.4306,-23.8013],[-46.4302,-23.8024],[-46.4306,-23.8041],[-46.4317,-23.8052],[-46.4327,-23.8081],[-46.4317,-23.8101],[-46.4292,-23.8117],[-46.4281,-23.8118],[-46.4263,-23.8129],[-46.4242,-23.8125],[-46.4229,-23.8131],[-46.421,-23.8125],[-46.4202,-23.8136],[-46.4175,-23.8133],[-46.417,-23.8147],[-46.4149,-23.8157],[-46.4125,-23.8157],[-46.4113,-23.8148],[-46.4103,-23.8154],[-46.4085,-23.8148],[-46.408,-23.8132],[-46.4059,-23.8124],[-46.4024,-23.8118],[-46.3962,-23.8118],[-46.3942,-23.8143],[-46.3927,-23.8121],[-46.3896,-23.81],[-46.3863,-23.8093],[-46.3836,-23.8097],[-46.3827,-23.8091],[-46.3807,-23.8061],[-46.3776,-23.8041],[-46.3768,-23.8019],[-46.3755,-23.8001],[-46.3747,-23.7977],[-46.3733,-23.7955],[-46.3745,-23.7946],[-46.3772,-23.7948],[-46.3764,-23.7935],[-46.372,-23.7898],[-46.3704,-23.7911],[-46.3688,-23.7915],[-46.3677,-23.7925],[-46.3621,-23.7913],[-46.3612,-23.7924],[-46.3587,-23.7922],[-46.357,-23.7913],[-46.3544,-23.7915],[-46.3536,-23.7905],[-46.3538,-23.7887],[-46.352,-23.7879],[-46.3491,-23.7872],[-46.3484,-23.7878],[-46.3452,-23.7875],[-46.3435,-23.7847],[-46.3423,-23.7838],[-46.3386,-23.7817],[-46.3356,-23.7812],[-46.3318,-23.7813],[-46.3315,-23.782],[-46.3295,-23.7823],[-46.3289,-23.7832],[-46.3253,-23.7842],[-46.3235,-23.7853],[-46.3208,-23.7851],[-46.3202,-23.7855],[-46.3203,-23.8031],[-46.3193,-23.8024],[-46.3165,-23.802],[-46.3159,-23.8009],[-46.3118,-23.7971],[-46.3109,-23.7968],[-46.3086,-23.7944],[-46.3089,-23.7936],[-46.3026,-23.7879],[-46.2997,-23.7869],[-46.2981,-23.7881],[-46.296,-23.7872],[-46.2956,-23.786],[-46.2938,-23.7837],[-46.2913,-23.7812],[-46.2889,-23.7797],[-46.2872,-23.778],[-46.2852,-23.7772],[-46.2831,-23.775],[-46.2811,-23.7734],[-46.2784,-23.7703],[-46.2831,-23.7673],[-46.2838,-23.766],[-46.2834,-23.7647],[-46.2851,-23.7635],[-46.2855,-23.7626],[-46.2853,-23.7606],[-46.2856,-23.7584],[-46.2883,-23.7546],[-46.2902,-23.7535],[-46.2912,-23.7521],[-46.2934,-23.7505],[-46.2939,-23.7492],[-46.2954,-23.7485],[-46.2967,-23.7487],[-46.2984,-23.7509],[-46.3027,-23.751],[-46.3041,-23.7492],[-46.3066,-23.7478],[-46.3083,-23.7484],[-46.3105,-23.7474],[-46.3122,-23.7473],[-46.3134,-23.7455],[-46.3156,-23.7445],[-46.32,-23.7454],[-46.3219,-23.7444],[-46.3184,-23.7415],[-46.3168,-23.7392],[-46.3173,-23.737],[-46.3187,-23.736],[-46.3203,-23.7362],[-46.3223,-23.7354],[-46.3244,-23.7332],[-46.3249,-23.731],[-46.3281,-23.7284],[-46.3291,-23.7281],[-46.3305,-23.7267],[-46.3334,-23.7272],[-46.3355,-23.7256],[-46.3368,-23.726],[-46.3379,-23.7278],[-46.3379,-23.7297],[-46.3387,-23.7318],[-46.3404,-23.7321],[-46.3414,-23.733],[-46.3415,-23.7344],[-46.3435,-23.7353],[-46.3434,-23.7379],[-46.3466,-23.7365],[-46.3491,-23.7363],[-46.3502,-23.7356],[-46.3531,-23.7364],[-46.3545,-23.7372],[-46.3553,-23.7388],[-46.3576,-23.7399],[-46.3602,-23.7397],[-46.3613,-23.7412],[-46.3617,-23.7429],[-46.3596,-23.7433],[-46.3588,-23.7441],[-46.3587,-23.7468],[-46.3592,-23.748],[-46.3613,-23.7506],[-46.3632,-23.7513],[-46.3649,-23.753],[-46.3671,-23.7532],[-46.3684,-23.7526],[-46.3699,-23.7542],[-46.3713,-23.7527],[-46.3732,-23.7529],[-46.3738,-23.7559],[-46.3763,-23.7588],[-46.3782,-23.7584],[-46.381,-23.7585],[-46.3835,-23.7602],[-46.3847,-23.762],[-46.3868,-23.7623],[-46.3874,-23.764],[-46.3909,-23.764],[-46.3961,-23.7674],[-46.3978,-23.7675],[-46.3993,-23.7664],[-46.4009,-23.7678],[-46.4041,-23.7681],[-46.4073,-23.7698],[-46.4125,-23.77],[-46.4147,-23.7692],[-46.4156,-23.7699],[-46.4156,-23.773],[-46.4173,-23.772],[-46.4194,-23.773],[-46.4206,-23.7715],[-46.4215,-23.7715],[-46.4231,-23.773],[-46.4243,-23.7722],[-46.4261,-23.774],[-46.4269,-23.7714],[-46.4253,-23.7696],[-46.4264,-23.7683],[-46.4279,-23.7677],[-46.4289,-23.7657],[-46.4307,-23.7655],[-46.4332,-23.7673],[-46.4372,-23.7678],[-46.4387,-23.7672],[-46.4397,-23.7661],[-46.4416,-23.7674],[-46.4421,-23.7692],[-46.4442,-23.7687],[-46.4451,-23.7703],[-46.4477,-23.7695],[-46.4501,-23.7707],[-46.451,-23.7706],[-46.4523,-23.7692],[-46.4553,-23.7675],[-46.4568,-23.7677],[-46.4572,-23.7648],[-46.458,-23.7638],[-46.4561,-23.7623],[-46.4529,-23.759],[-46.4544,-23.7568],[-46.4573,-23.7562],[-46.458,-23.7548],[-46.4569,-23.7529],[-46.4578,-23.7507],[-46.4616,-23.7481],[-46.4635,-23.7465],[-46.4678,-23.7408],[-46.4711,-23.7393],[-46.4714,-23.738],[-46.4699,-23.7366],[-46.4702,-23.7355],[-46.4693,-23.7344],[-46.4687,-23.7322],[-46.4697,-23.7297],[-46.4696,-23.7267],[-46.4689,-23.7261],[-46.4703,-23.7234],[-46.4739,-23.7207],[-46.475,-23.7183],[-46.4765,-23.7195],[-46.479,-23.7194],[-46.4814,-23.7182],[-46.4835,-23.7155],[-46.4831,-23.7124],[-46.4838,-23.7112],[-46.4899,-23.7113],[-46.4917,-23.709],[-46.4912,-23.7078],[-46.4891,-23.7068],[-46.4907,-23.7056],[-46.4911,-23.704],[-46.4903,-23.6998],[-46.4911,-23.6985],[-46.4895,-23.6952],[-46.4884,-23.6945],[-46.4865,-23.6942],[-46.4858,-23.6932],[-46.4857,-23.6901],[-46.4853,-23.689],[-46.483,-23.6874],[-46.4836,-23.6861],[-46.4833,-23.6849],[-46.4812,-23.6826],[-46.4803,-23.6805],[-46.481,-23.6737],[-46.4816,-23.6718],[-46.4826,-23.6707],[-46.4852,-23.6694],[-46.4854,-23.6677],[-46.4869,-23.6652],[-46.4893,-23.664],[-46.4897,-23.662],[-46.4926,-23.661],[-46.4934,-23.66],[-46.4972,-23.6611],[-46.4974,-23.66],[-46.499,-23.6576],[-46.4958,-23.6561],[-46.4938,-23.653],[-46.4922,-23.6511],[-46.4887,-23.6499],[-46.4867,-23.6488],[-46.4848,-23.6495],[-46.4824,-23.6495],[-46.4815,-23.6483],[-46.483,-23.6466],[-46.4854,-23.6413],[-46.4863,-23.6401],[-46.4845,-23.6343],[-46.4841,-23.6322],[-46.4828,-23.63],[-46.4829,-23.628],[-46.4836,-23.6257],[-46.4855,-23.623],[-46.4868,-23.6229],[-46.4878,-23.624],[-46.4905,-23.6246],[-46.4923,-23.6243],[-46.4931,-23.6254],[-46.4959,-23.6243],[-46.4972,-23.6249],[-46.4987,-23.6238],[-46.5001,-23.6238],[-46.5027,-23.6254],[-46.5062,-23.6258],[-46.5098,-23.6237],[-46.5116,-23.6218],[-46.5131,-23.619],[-46.5159,-23.6183],[-46.5178,-23.6173],[-46.5183,-23.6161],[-46.5207,-23.6152],[-46.5214,-23.614],[-46.5293,-23.6138],[-46.5311,-23.6147],[-46.5322,-23.6141],[-46.5345,-23.6144],[-46.5448,-23.6079],[-46.5467,-23.6057],[-46.548,-23.6061],[-46.5446,-23.6108],[-46.5461,-23.6112],[-46.5454,-23.6158],[-46.548,-23.6164],[-46.5503,-23.616],[-46.5498,-23.6175],[-46.5484,-23.619],[-46.545,-23.6246],[-46.5478,-23.6267],[-46.5492,-23.6292],[-46.5502,-23.6336],[-46.5507,-23.6381],[-46.5516,-23.6389],[-46.5519,-23.6417],[-46.5517,-23.6425],[-46.5547,-23.6441],[-46.5553,-23.6482],[-46.557,-23.6477],[-46.5578,-23.6459],[-46.5606,-23.6437],[-46.5618,-23.6456],[-46.5648,-23.6468],[-46.5672,-23.6502]]]}},{"type":"Feature","id":"3548708","properties":{"ibge_code":"3548708","name":"São Bernardo do Campo","state_code":"SP"},"geometry":{"type":"Polygon","coordinates":[[[-46.6513,-23.731],[-46.652,-23.7308],[-46.6506,-23.7358],[-46.649,-23.7407],[-46.6474,-23.7505],[-46.647,-23.7537],[-46.6455,-23.7572],[-46.6436,-23.7594],[-46.6251,-23.7816],[-46.6235,-23.784],[-46.6228,-23.7862],[-46.6231,-23.802],[-46.6234,-23.8135],[-46.6244,-23.8188],[-46.6248,-23.8195],[-46.6277,-23.822],[-46.6324,-23.8272],[-46.6338,-23.8295],[-46.6342,-23.8317],[-46.6341,-23.8341],[-46.635,-23.836],[-46.6351,-23.8385],[-46.6326,-23.8511],[-46.6318,-23.8526],[-46.6295,-23.8545],[-46.6247,-23.8567],[-46.6227,-23.8584],[-46.6187,-23.8607],[-46.6169,-23.862],[-46.6165,-23.8651],[-46.617,-23.8695],[-46.6156,-23.8763],[-46.6171,-23.8788],[-46.6167,-23.8798],[-46.6176,-23.8844],[-46.618,-23.8852],[-46.6177,-23.8888],[-46.6165,-23.8921],[-46.616,-23.8948],[-46.6154,-23.8958],[-46.6157,-23.8972],[-46.6153,-23.9],[-46.6142,-23.9011],[-46.6133,-23.9055],[-46.6093,-23.9046],[-46.6117,-23.9079],[-46.6128,-23.9087],[-46.6116,-23.9107],[-46.6117,-23.9144],[-46.6088,-23.915],[-46.6087,-23.9159],[-46.61,-23.918],[-46.6101,-23.9191],[-46.6091,-23.9203],[-46.6091,-23.9229],[-46.6107,-23.9243],[-46.6094,-23.9277],[-46.6116,-23.928],[-46.6119,-23.9298],[-46.6144,-23.9314],[-46.6164,-23.9306],[-46.6169,-23.9336],[-46.6164,-23.9353],[-46.6154,-23.9368],[-46.6138,-23.9369],[-46.613,-23.9381],[-46.6114,-23.9379],[-46.6098,-23.937],[-46.6083,-23.9372],[-46.6071,-23.9387],[-46.6079,-23.9406],[-46.6088,-23.9413],[-46.6071,-23.9448],[-46.6078,-23.9458],[-46.6078,-23.9485],[-46.6092,-23.9488],[-46.6111,-23.9511],[-46.6079,-23.9535],[-46.6073,-23.9537],[-46.6073,-23.9565],[-46.6066,-23.9573],[-46.6088,-23.959],[-46.6097,-23.9603],[-46.6082,-23.9636],[-46.6104,-23.9659],[-46.6116,-23.9665],[-46.6119,-23.9678],[-46.6094,-23.9676],[-46.6073,-23.9658],[-46.6003,-23.9636],[-46.5981,-23.9633],[-46.5964,-23.9641],[-46.5953,-23.9654],[-46.5922,-23.9629],[-46.589,-23.9625],[-46.5882,-23.9613],[-46.5853,-23.9608],[-46.5846,-23.9594],[-46.5827,-23.9587],[-46.5813,-23.9566],[-46.5802,-23.9558],[-46.5779,-23.957],[-46.5756,-23.9543],[-46.5743,-23.9535],[-46.5722,-23.9532],[-46.5713,-23.9525],[-46.5696,-23.948],[-46.5695,-23.9468],[-46.5674,-23.9478],[-46.5677,-23.9538],[-46.5667,-23.9542],[-46.5645,-23.9529],[-46.5643,-23.9505],[-46.5635,-23.9487],[-46.561,-23.9465],[-46.5595,-23.947],[-46.5585,-23.946],[-46.5569,-23.9435],[-46.5566,-23.9417],[-46.5537,-23.9406],[-46.5524,-23.9406],[-46.5519,-23.9393],[-46.5523,-23.9373],[-46.5509,-23.9365],[-46.5503,-23.9347],[-46.5482,-23.9329],[-46.548,-23.9306],[-46.5455,-23.9301],[-46.5438,-23.9282],[-46.5445,-23.9274],[-46.5435,-23.926],[-46.5405,-23.9235],[-46.5375,-23.924],[-46.5349,-23.9228],[-46.5341,-23.9214],[-46.5332,-23.9187],[-46.5319,-23.9173],[-46.5299,-23.9166],[-46.526,-23.9158],[-46.5244,-23.9134],[-46.5232,-23.9133],[-46.5209,-23.9118],[-46.5225,-23.9099],[-46.5217,-23.9093],[-46.5223,-23.9077],[-46.5213,-23.9073],[-46.5201,-23.9055],[-46.5174,-23.9049],[-46.5154,-23.9058],[-46.5124,-23.9043],[-46.5082,-23.9042],[-46.5064,-23.9049],[-46.5031,-23.9045],[-46.5006,-23.9023],[-46.4993,-23.9024],[-46.497,-23.9011],[-46.4962,-23.8996],[-46.493,-23.8956],[-46.493,-23.8919],[-46.4923,-23.89],[-46.4902,-23.8882],[-46.4884,-23.8854],[-46.4858,-23.8835],[-46.4837,-23.8839],[-46.4844,-23.8857],[-46.4829,-23.8858],[-46.4813,-23.8842],[-46.4802,-23.8821],[-46.4778,-23.8791],[-46.477,-23.8794],[-46.4749,-23.8785],[-46.4743,-23.8766],[-46.473,-23.8748],[-46.4709,-23.8733],[-46.4694,-23.8729],[-46.4688,-23.8714],[-46.4677,-23.8707],[-46.4671,-23.8673],[-46.4664,-23.8656],[-46.4673,-23.8641],[-46.4668,-23.8627],[-46.4654,-23.861],[-46.4642,-23.8625],[-46.4599,-23.8661],[-46.4597,-23.8633],[-46.459,-23.8625],[-46.4586,-23.8604],[-46.4577,-23.8602],[-46.4571,-23.858],[-46.4561,-23.8572],[-46.455,-23.8546],[-46.4539,-23.8534],[-46.4521,-23.8526],[-46.4507,-23.8513],[-46.449,-23.8517],[-46.447,-23.8508],[-46.4435,-23.8502],[-46.4413,-23.8475],[-46.4398,-23.8444],[-46.438,-23.8422],[-46.4398,-23.8397],[-46.4417,-23.8407],[-46.4426,-23.8417],[-46.4438,-23.8409],[-46.442,-23.8388],[-46.442,-23.8373],[-46.4412,-23.8349],[-46.4394,-23.8334],[-46.439,-23.8318],[-46.4416,-23.8298],[-46.4439,-23.8307],[-46.4446,-23.8293],[-46.4373,-23.8285],[-46.4382,-23.827],[-46.4369,-23.8254],[-46.4344,-23.8241],[-46.4338,-23.8255],[-46.4313,-23.826],[-46.4263,-23.8251],[-46.4244,-23.8241],[-46.4227,-23.8226],[-46.4206,-23.8201],[-46.4151,-23.817],[-46.4144,-23.818],[-46.4116,-23.8167],[-46.4103,-23.8154],[-46.4113,-23.8148],[-46.4125,-23.8157],[-46.4149,-23.8157],[-46.417,-23.8147],[-46.4175,-23.8133],[-46.4202,-23.8136],[-46.421,-23.8125],[-46.4229,-23.8131],[-46.4242,-23.8125],[-46.4263,-23.8129],[-46.4281,-23.8118],[-46.4292,-23.8117],[-46.4317,-23.8101],[-46.4327,-23.8081],[-46.4317,-23.8052],[-46.4306,-23.8041],[-46.4302,-23.8024],[-46.4306,-23.8013],[-46.434,-23.8012],[-46.4373,-23.8001],[-46.4389,-23.8004],[-46.4418,-23.8],[-46.4495,-23.7958],[-46.4528,-23.7931],[-46.4554,-23.7905],[-46.4569,-23.7881],[-46.4573,-23.7866],[-46.457,-23.785],[-46.4589,-23.7842],[-46.4601,-23.7848],[-46.4618,-23.7828],[-46.464,-23.7813],[-46.4644,-23.7792],[-46.4656,-23.7782],[-46.4683,-23.7771],[-46.4711,-23.774],[-46.4736,-23.7731],[-46.475,-23.7715],[-46.4756,-23.7689],[-46.4768,-23.7669],[-46.4786,-23.7654],[-46.4818,-23.7639],[-46.4844,-23.7622],[-46.4891,-23.7568],[-46.4953,-23.7503],[-46.4965,-23.7478],[-46.4994,-23.746],[-46.501,-23.7463],[-46.5025,-23.7449],[-46.504,-23.7448],[-46.5065,-23.7433],[-46.5074,-23.745],[-46.5093,-23.7466],[-46.5117,-23.7477],[-46.5133,-23.7468],[-46.5145,-23.7476],[-46.5184,-23.7481],[-46.5195,-23.7494],[-46.5212,-23.7491],[-46.5231,-23.7501],[-46.5252,-23.7497],[-46.5279,-23.7484],[-46.5276,-23.7471],[-46.5256,-23.7456],[-46.523,-23.7461],[-46.5211,-23.7458],[-46.5192,-23.7444],[-46.5175,-23.7422],[-46.5185,-23.74],[-46.5177,-23.7379],[-46.5194,-23.7358],[-46.5203,-23.7353],[-46.52,-23.7339],[-46.5178,-23.7312],[-46.5169,-23.7278],[-46.5177,-23.7244],[-46.5174,-23.7203],[-46.5184,-23.718],[-46.5203,-23.7165],[-46.5219,-23.7147],[-46.5204,-23.7115],[-46.5173,-23.7097],[-46.5177,-23.7071],[-46.5168,-23.7054],[-46.5178,-23.7041],[-46.5193,-23.7037],[-46.5201,-23.7006],[-46.522,-23.7025],[-46.5237,-23.7014],[-46.5263,-23.7021],[-46.5291,-23.7034],[-46.5301,-23.7016],[-46.5322,-23.701],[-46.5341,-23.6992],[-46.5342,-23.6978],[-46.5369,-23.6963],[-46.5369,-23.6941],[-46.5377,-23.6905],[-46.5392,-23.6889],[-46.5395,-23.6875],[-46.5426,-23.6849],[-46.5451,-23.6838],[-46.5498,-23.6847],[-46.5532,-23.6837],[-46.5546,-23.6809],[-46.5546,-23.6794],[-46.5536,-23.6784],[-46.5532,-23.6762],[-46.5532,-23.6745],[-46.554,-23.6721],[-46.5531,-23.6694],[-46.5531,-23.6676],[-46.5536,-23.6664],[-46.5598,-23.6577],[-46.5613,-23.6552],[-46.5629,-23.6538],[-46.5637,-23.6522],[-46.5656,-23.6506],[-46.5672,-23.6502],[-46.5713,-23.6493],[-46.5731,-23.6506],[-46.5746,-23.65],[-46.5761,-23.6481],[-46.5805,-23.6434],[-46.5834,-23.641],[-46.5846,-23.6452],[-46.59,-23.6489],[-46.5931,-23.6507],[-46.5955,-23.6517],[-46.5966,-23.6529],[-46.5989,-23.653],[-46.6022,-23.6543],[-46.6038,-23.6561],[-46.6068,-23.6563],[-46.6102,-23.6586],[-46.6144,-23.6603],[-46.6163,-23.658],[-46.6164,-23.6593],[-46.6148,-23.6622],[-46.6131,-23.6634],[-46.6131,-23.6663],[-46.6103,-23.6683],[-46.6091,-23.6695],[-46.6058,-23.6674],[-46.6049,-23.6656],[-46.6018,-23.6628],[-46.6002,-23.6626],[-46.599,-23.6632],[-46.5963,-23.6634],[-46.598,-23.6668],[-46.5991,-23.6684],[-46.6001,-23.6708],[-46.5913,-23.6773],[-46.5879,-23.6761],[-46.5865,-23.6741],[-46.5824,-23.6724],[-46.5778,-23.673],[-46.5793,-23.6759],[-46.5806,-23.6773],[-46.5791,-23.6788],[-46.5786,-23.6804],[-46.58,-23.6833],[-46.5802,-23.685],[-46.5791,-23.6875],[-46.5788,-23.69],[-46.5812,-23.6926],[-46.5843,-23.6938],[-46.5869,-23.697],[-46.5888,-23.6985],[-46.5885,-23.6994],[-46.5898,-23.7008],[-46.5898,-23.7022],[-46.5909,-23.705],[-46.5903,-23.7059],[-46.5911,-23.7072],[-46.5935,-23.7091],[-46.597,-23.7109],[-46.5991,-23.7127],[-46.6006,-23.7163],[-46.602,-23.7174],[-46.6042,-23.7178],[-46.6049,-23.7185],[-46.605,-23.7202],[-46.6062,-23.7239],[-46.6061,-23.727],[-46.607,-23.728],[-46.6055,-23.7313],[-46.6076,-23.7335],[-46.6093,-23.7339],[-46.6114,-23.7374],[-46.6138,-23.738],[-46.6163,-23.7382],[-46.6174,-23.7375],[-46.6196,-23.739],[-46.623,-23.7372],[-46.6246,-23.736],[-46.6256,-23.7367],[-46.6274,-23.7369],[-46.6288,-23.7354],[-46.6311,-23.7351],[-46.6339,-23.7362],[-46.636,-23.7338],[-46.6383,-23.7339],[-46.6404,-23.7316],[-46.6428,-23.7322],[-46.6442,-23.7318],[-46.6466,-23.732],[-46.6513,-23.731]]]}},{"type":"Feature","id":"3548807","properties":{"ibge_code":"3548807","name":"São Caetano do Sul","state_code":"SP"},"geometry":{"type":"Polygon","coordinates":[[[-46.548,-23.6061],[-46.5497,-23.6056],[-46.5507,-23.6061],[-46.5533,-23.609],[-46.5543,-23.6107],[-46.5566,-23.612],[-46.558,-23.6118],[-46.5654,-23.6073],[-46.5683,-23.6051],[-46.5748,-23.6011],[-46.5775,-23.6003],[-46.5788,-23.6008],[-46.5794,-23.6019],[-46.5793,-23.6045],[-46.5822,-23.6208],[-46.5831,-23.626],[-46.5814,-23.6288],[-46.5824,-23.6325],[-46.5846,-23.6341],[-46.5849,-23.6353],[-46.5834,-23.641],[-46.5805,-23.6434],[-46.5761,-23.6481],[-46.5746,-23.65],[-46.5731,-23.6506],[-46.5713,-23.6493],[-46.5672,-23.6502],[-46.5648,-23.6468],[-46.5618,-23.6456],[-46.5606,-23.6437],[-46.5578,-23.6459],[-46.557,-23.6477],[-46.5553,-23.6482],[-46.5547,-23.6441],[-46.5517,-23.6425],[-46.5519,-23.6417],[-46.5516,-23.6389],[-46.5507,-23.6381],[-46.5502,-23.6336],[-46.5492,-23.6292],[-46.5478,-23.6267],[-46.545,-23.6246],[-46.5484,-23.619],[-46.5498,-23.6175],[-46.5503,-23.616],[-46.548,-23.6164],[-46.5454,-23.6158],[-46.5461,-23.6112],[-46.5446,-23.6108],[-46.548,-23.6061]]]}},{"type":"Feature","id":"3549953","properties":{"ibge_code":"3549953","name":"São Lourenço da Serra","state_code":"SP"},"geometry":{"type":"Polygon","coordinates":[[[-47.0288,-23.8462],[-47.0287,-23.8475],[-47.0277,-23.8484],[-47.0261,-23.8482],[-47.0251,-23.8489],[-47.0237,-23.8511],[-47.0221,-23.852],[-47.0189,-23.8553],[-47.0168,-23.8561],[-47.0152,-23.8582],[-47.0127,-23.8591],[-47.0116,-23.8582],[-47.0112,-23.8613],[-47.0099,-23.8624],[-47.006,-23.867],[-47.0041,-23.8678],[-47.0022,-23.8671],[-47.0021,-23.8697],[-46.9999,-23.8718],[-46.9976,-23.8721],[-46.9967,-23.873],[-46.9973,-23.8743],[-46.9961,-23.8758],[-46.9959,-23.8787],[-46.9939,-23.8816],[-46.9943,-23.8835],[-46.9934,-23.8846],[-46.991,-23.8849],[-46.9912,-23.8857],[-46.9893,-23.8872],[-46.9884,-23.8892],[-46.9892,-23.891],[-46.9914,-23.8917],[-46.9909,-23.8941],[-46.988,-23.8931],[-46.9873,-23.8948],[-46.9858,-23.8938],[-46.985,-23.8949],[-46.983,-23.895],[-46.9809,-23.8931],[-46.9813,-23.8914],[-46.9779,-23.8889],[-46.9754,-23.8887],[-46.974,-23.8871],[-46.9722,-23.888],[-46.9712,-23.8904],[-46.969,-23.8914],[-46.968,-23.8927],[-46.9657,-23.8935],[-46.9639,-23.8933],[-46.9632,-23.8957],[-46.9623,-23.8966],[-46.9619,-23.9002],[-46.9585,-23.8997],[-46.9566,-23.9002],[-46.9551,-23.9039],[-46.9545,-23.9048],[-46.9543,-23.9074],[-46.9554,-23.9084],[-46.9546,-23.91],[-46.9517,-23.9106],[-46.9511,-23.9112],[-46.9517,-23.9141],[-46.951,-23.9172],[-46.9502,-23.9178],[-46.9512,-23.92],[-46.9511,-23.9216],[-46.9494,-23.9229],[-46.9494,-23.9243],[-46.948,-23.9263],[-46.9467,-23.9274],[-46.9466,-23.9289],[-46.9436,-23.9311],[-46.942,-23.9307],[-46.9397,-23.9289],[-46.9374,-23.9294],[-46.9365,-23.9307],[-46.9348,-23.9311],[-46.9339,-23.9334],[-46.9318,-23.934],[-46.9313,-23.9349],[-46.9274,-23.9356],[-46.9242,-23.9369],[-46.9212,-23.9365],[-46.921,-23.935],[-46.9199,-23.9336],[-46.9186,-23.9337],[-46.9171,-23.9351],[-46.9158,-23.9383],[-46.9131,-23.937],[-46.9131,-23.9355],[-46.9122,-23.9344],[-46.9107,-23.9354],[-46.9092,-23.9347],[-46.9077,-23.935],[-46.9068,-23.9339],[-46.9065,-23.9315],[-46.9054,-23.9307],[-46.9048,-23.9288],[-46.9024,-23.9271],[-46.9001,-23.928],[-46.898,-23.9273],[-46.898,-23.9248],[-46.8964,-23.9208],[-46.8951,-23.9196],[-46.8905,-23.9171],[-46.8903,-23.9136],[-46.8888,-23.9122],[-46.8887,-23.9078],[-46.8893,-23.9063],[-46.888,-23.9039],[-46.8888,-23.9013],[-46.8854,-23.8984],[-46.885,-23.897],[-46.8825,-23.8958],[-46.8821,-23.8941],[-46.8806,-23.8933],[-46.8791,-23.8941],[-46.8765,-23.8936],[-46.874,-23.8949],[-46.8698,-23.8944],[-46.8702,-23.8917],[-46.8677,-23.8898],[-46.8667,-23.8875],[-46.8652,-23.8865],[-46.8629,-23.8873],[-46.861,-23.8864],[-46.8594,-23.8823],[-46.8582,-23.8781],[-46.8575,-23.8769],[-46.8559,-23.8763],[-46.8554,-23.8747],[-46.8553,-23.8729],[-46.8541,-23.872],[-46.8539,-23.8707],[-46.8515,-23.8674],[-46.8494,-23.8625],[-46.8498,-23.861],[-46.8491,-23.8598],[-46.8495,-23.8569],[-46.8484,-23.8563],[-46.8508,-23.8538],[-46.8537,-23.8547],[-46.8554,-23.8535],[-46.8577,-23.8549],[-46.8603,-23.8534],[-46.8612,-23.852],[-46.8624,-23.8534],[-46.8659,-23.8539],[-46.8667,-23.8533],[-46.8696,-23.8528],[-46.8703,-23.8522],[-46.8716,-23.8532],[-46.8759,-23.8503],[-46.8762,-23.8489],[-46.8776,-23.8482],[-46.8781,-23.847],[-46.8802,-23.847],[-46.8816,-23.8451],[-46.8842,-23.8427],[-46.886,-23.8414],[-46.8895,-23.8416],[-46.8916,-23.8413],[-46.8925,-23.8387],[-46.8953,-23.838],[-46.8955,-23.8365],[-46.8936,-23.8364],[-46.8931,-23.8354],[-46.8903,-23.8348],[-46.8875,-23.8327],[-46.886,-23.8294],[-46.8836,-23.8287],[-46.883,-23.8266],[-46.8841,-23.8236],[-46.8856,-23.8212],[-46.8845,-23.8176],[-46.8806,-23.8171],[-46.8798,-23.8159],[-46.8795,-23.8131],[-46.8783,-23.811],[-46.8788,-23.809],[-46.8813,-23.8062],[-46.8818,-23.8038],[-46.8793,-23.7988],[-46.8771,-23.7978],[-46.8734,-23.7977],[-46.872,-23.7972],[-46.8754,-23.7948],[-46.877,-23.7941],[-46.8795,-23.7936],[-46.8801,-23.7917],[-46.8816,-23.7899],[-46.8835,-23.7915],[-46.8848,-23.7913],[-46.8856,-23.7925],[-46.8884,-23.7929],[-46.8909,-23.7947],[-46.8921,-23.7946],[-46.8938,-23.7955],[-46.8953,-23.7952],[-46.8971,-23.7961],[-46.8984,-23.7957],[-46.8985,-23.7943],[-46.8996,-23.7923],[-46.9005,-23.7916],[-46.9026,-23.7912],[-46.9041,-23.7891],[-46.9056,-23.7877],[-46.9075,-23.787],[-46.9085,-23.7858],[-46.9094,-23.7833],[-46.9109,-23.783],[-46.9118,-23.7865],[-46.9129,-23.7886],[-46.914,-23.7876],[-46.9152,-23.7856],[-46.9154,-23.7829],[-46.9197,-23.7821],[-46.9272,-23.7796],[-46.9315,-23.7789],[-46.9323,-23.7771],[-46.9378,-23.7766],[-46.939,-23.7779],[-46.9401,-23.7816],[-46.9394,-23.7845],[-46.9402,-23.7858],[-46.9424,-23.7868],[-46.9443,-23.7869],[-46.9465,-23.7864],[-46.948,-23.7874],[-46.9479,-23.7884],[-46.9489,-23.7911],[-46.9508,-23.7927],[-46.9551,-23.7914],[-46.956,-23.7922],[-46.9585,-23.7921],[-46.9591,-23.7896],[-46.9599,-23.7881],[-46.9631,-23.7855],[-46.9659,-23.7841],[-46.966,-23.783],[-46.9645,-23.7814],[-46.9638,-23.7797],[-46.9664,-23.7762],[-46.9668,-23.7748],[-46.9681,-23.7748],[-46.9701,-23.7759],[-46.9719,-23.7774],[-46.9722,-23.7788],[-46.9763,-23.7792],[-46.9787,-23.7815],[-46.9822,-23.784],[-46.9825,-23.7867],[-46.9813,-23.7888],[-46.98,-23.7898],[-46.9808,-23.7917],[-46.981,-23.7952],[-46.9836,-23.7976],[-46.9866,-23.7976],[-46.9886,-23.7996],[-46.9889,-23.8008],[-46.986,-23.8005],[-46.9851,-23.8011],[-46.984,-23.8032],[-46.9855,-23.8045],[-46.9864,-23.8066],[-46.9865,-23.8084],[-46.9925,-23.8096],[-46.9944,-23.8116],[-46.9967,-23.8119],[-46.9988,-23.8131],[-47.0012,-23.8127],[-47.0075,-23.8157],[-47.0102,-23.8147],[-47.0123,-23.8151],[-47.0141,-23.8142],[-47.0151,-23.8145],[-47.0174,-23.8176],[-47.0159,-23.8203],[-47.0175,-23.8214],[-47.0154,-23.8224],[-47.0139,-23.8246],[-47.0132,-23.825],[-47.0142,-23.8284],[-47.0126,-23.8307],[-47.0146,-23.8309],[-47.0151,-23.8332],[-47.0146,-23.8353],[-47.016,-23.835],[-47.0168,-23.8361],[-47.0184,-23.8364],[-47.0196,-23.8355],[-47.0217,-23.8361],[-47.0228,-23.8373],[-47.0232,-23.8408],[-47.0255,-23.8429],[-47.027,-23.8438],[-47.0274,-23.8454],[-47.0288,-23.8462]]]}},{"type":"Feature","id":"3550308","properties":{"ibge_code":"3550308","name":"São Paulo","state_code":"SP"},"geometry":{"type":"Polygon","coordinates":[[[-46.6119,-23.9678],[-46.6116,-23.9665],[-46.6104,-23.9659],[-46.6082,-23.9636],[-46.6097,-23.9603],[-46.6088,-23.959],[-46.6066,-23.9573],[-46.6073,-23.9565],[-46.6073,-23.9537],[-46.6079,-23.9535],[-46.6111,-23.9511],[-46.6092,-23.9488],[-46.6078,-23.9485],[-46.6078,-23.9458],[-46.6071,-23.9448],[-46.6088,-23.9413],[-46.6079,-23.9406],[-46.6071,-23.9387],[-46.6083,-23.9372],[-46.6098,-23.937],[-46.6114,-23.9379],[-46.613,-23.9381],[-46.6138,-23.9369],[-46.6154,-23.9368],[-46.6164,-23.9353],[-46.6169,-23.9336],[-46.6164,-23.9306],[-46.6144,-23.9314],[-46.6119,-23.9298],[-46.6116,-23.928],[-46.6094,-23.9277],[-46.6107,-23.9243],[-46.6091,-23.9229],[-46.6091,-23.9203],[-46.6101,-23.9191],[-46.61,-23.918],[-46.6087,-23.9159],[-46.6088,-23.915],[-46.6117,-23.9144],[-46.6116,-23.9107],[-46.6128,-23.9087],[-46.6117,-23.9079],[-46.6093,-23.9046],[-46.6133,-23.9055],[-46.6142,-23.9011],[-46.6153,-23.9],[-46.6157,-23.8972],[-46.6154,-23.8958],[-46.616,-23.8948],[-46.6165,-23.8921],[-46.6177,-23.8888],[-46.618,-23.8852],[-46.6176,-23.8844],[-46.6167,-23.8798],[-46.6171,-23.8788],[-46.6156,-23.8763],[-46.617,-23.8695],[-46.6165,-23.8651],[-46.6169,-23.862],[-46.6187,-23.8607],[-46.6227,-23.8584],[-46.6247,-23.8567],[-46.6295,-23.8545],[-46.6318,-23.8526],[-46.6326,-23.8511],[-46.6351,-23.8385],[-46.635,-23.836],[-46.6341,-23.8341],[-46.6342,-23.8317],[-46.6338,-23.8295],[-46.6324,-23.8272],[-46.6277,-23.822],[-46.6248,-23.8195],[-46.6244,-23.8188],[-46.6234,-23.8135],[-46.6231,-23.802],[-46.6228,-23.7862],[-46.6235,-23.784],[-46.6251,-23.7816],[-46.6436,-23.7594],[-46.6455,-23.7572],[-46.647,-23.7537],[-46.6474,-23.7505],[-46.649,-23.7407],[-46.6506,-23.7358],[-46.652,-23.7308],[-46.6513,-23.731],[-46.6501,-23.7301],[-46.6465,-23.7289],[-46.6403,-23.7273],[-46.6365,-23.7253],[-46.6322,-23.7209],[-46.6302,-23.7192],[-46.6276,-23.7163],[-46.6257,-23.7164],[-46.6225,-23.7158],[-46.6182,-23.7127],[-46.6164,-23.7105],[-46.617,-23.7084],[-46.6185,-23.7073],[-46.6212,-23.7072],[-46.6229,-23.7054],[-46.6244,-23.7052],[-46.624,-23.7025],[-46.625,-23.7021],[-46.6263,-23.7029],[-46.6273,-23.701],[-46.6285,-23.7003],[-46.6289,-23.6979],[-46.6317,-23.6964],[-46.6316,-23.6939],[-46.6325,-23.6932],[-46.6326,-23.6917],[-46.6351,-23.6913],[-46.6357,-23.6899],[-46.6339,-23.688],[-46.633,-23.6845],[-46.6336,-23.6824],[-46.6333,-23.6816],[-46.6306,-23.6799],[-46.6305,-23.6771],[-46.6311,-23.6729],[-46.6285,-23.6709],[-46.6271,-23.6685],[-46.6268,-23.666],[-46.6268,-23.6632],[-46.6264,-23.6596],[-46.6251,-23.6593],[-46.6228,-23.6613],[-46.6224,-23.6605],[-46.62,-23.6593],[-46.6197,-23.6584],[-46.6172,-23.6573],[-46.6163,-23.658],[-46.6144,-23.6603],[-46.6102,-23.6586],[-46.6068,-23.6563],[-46.6038,-23.6561],[-46.6022,-23.6543],[-46.5989,-23.653],[-46.5966,-23.6529],[-46.5955,-23.6517],[-46.5931,-23.6507],[-46.59,-23.6489],[-46.5846,-23.6452],[-46.5834,-23.641],[-46.5849,-23.6353],[-46.5846,-23.6341],[-46.5824,-23.6325],[-46.5814,-23.6288],[-46.5831,-23.626],[-46.5822,-23.6208],[-46.5793,-23.6045],[-46.5794,-23.6019],[-46.5788,-23.6008],[-46.5775,-23.6003],[-46.5748,-23.6011],[-46.5683,-23.6051],[-46.5654,-23.6073],[-46.558,-23.6118],[-46.5566,-23.612],[-46.5543,-23.6107],[-46.5533,-23.609],[-46.5507,-23.6061],[-46.5497,-23.6056],[-46.548,-23.6061],[-46.5467,-23.6057],[-46.5448,-23.6079],[-46.5345,-23.6144],[-46.5322,-23.6141],[-46.5311,-23.6147],[-46.5293,-23.6138],[-46.5214,-23.614],[-46.5207,-23.6152],[-46.5183,-23.6161],[-46.5178,-23.6173],[-46.5159,-23.6183],[-46.5131,-23.619],[-46.5116,-23.6218],[-46.5098,-23.6237],[-46.5062,-23.6258],[-46.5027,-23.6254],[-46.5001,-23.6238],[-46.4987,-23.6238],[-46.4972,-23.6249],[-46.4959,-23.6243],[-46.4931,-23.6254],[-46.4923,-23.6243],[-46.4905,-23.6246],[-46.4878,-23.624],[-46.4868,-23.6229],[-46.4855,-23.623],[-46.4845,-23.6238],[-46.4822,-23.6237],[-46.4791,-23.6255],[-46.4772,-23.6262],[-46.4765,-23.6297],[-46.4754,-23.6308],[-46.4756,-23.6327],[-46.4751,-23.6346],[-46.4736,-23.6365],[-46.4737,-23.6373],[-46.4723,-23.6388],[-46.4631,-23.6388],[-46.4606,-23.6402],[-46.4582,-23.6419],[-46.4559,-23.6411],[-46.454,-23.6409],[-46.4525,-23.6424],[-46.4474,-23.6436],[-46.4431,-23.6439],[-46.4409,-23.6422],[-46.4383,-23.6419],[-46.436,-23.6413],[-46.4329,-23.6418],[-46.4315,-23.6411],[-46.4319,-23.6391],[-46.4317,-23.6374],[-46.4302,-23.6362],[-46.4279,-23.637],[-46.4243,-23.6407],[-46.4245,-23.643],[-46.4233,-23.6443],[-46.4211,-23.6437],[-46.4213,-23.6424],[-46.4201,-23.641],[-46.4184,-23.6414],[-46.4162,-23.6406],[-46.4145,-23.6392],[-46.4138,-23.636],[-46.4118,-23.6355],[-46.4102,-23.6339],[-46.4088,-23.6335],[-46.4068,-23.6318],[-46.4064,-23.6298],[-46.4074,-23.6287],[-46.408,-23.6269],[-46.4066,-23.6236],[-46.4051,-23.6232],[-46.4037,-23.6237],[-46.4014,-23.6224],[-46.4003,-23.6205],[-46.3982,-23.619],[-46.3977,-23.6158],[-46.3955,-23.6143],[-46.3948,-23.6125],[-46.3961,-23.6093],[-46.3986,-23.608],[-46.3994,-23.6058],[-46.3971,-23.6043],[-46.3954,-23.6022],[-46.3935,-23.6017],[-46.392,-23.603],[-46.3908,-23.6032],[-46.3902,-23.602],[-46.3872,-23.6009],[-46.3845,-23.6007],[-46.3831,-23.5995],[-46.3831,-23.598],[-46.3842,-23.596],[-46.383,-23.5944],[-46.3827,-23.5921],[-46.3822,-23.5909],[-46.38,-23.5884],[-46.3778,-23.5892],[-46.3776,-23.5878],[-46.3798,-23.5852],[-46.3798,-23.5838],[-46.382,-23.5807],[-46.3835,-23.5803],[-46.3835,-23.5778],[-46.3817,-23.577],[-46.3796,-23.5767],[-46.3778,-23.5749],[-46.379,-23.5741],[-46.3811,-23.5736],[-46.3814,-23.5726],[-46.3827,-23.5722],[-46.3835,-23.5708],[-46.3835,-23.5688],[-46.3825,-23.5682],[-46.3826,-23.5666],[-46.3804,-23.5649],[-46.3799,-23.5625],[-46.3824,-23.563],[-46.3869,-23.5618],[-46.3889,-23.561],[-46.3909,-23.5597],[-46.3928,-23.5558],[-46.3925,-23.5543],[-46.3932,-23.5522],[-46.3951,-23.5509],[-46.3945,-23.5492],[-46.392,-23.5493],[-46.3882,-23.5472],[-46.3877,-23.5457],[-46.3887,-23.5434],[-46.3904,-23.5414],[-46.392,-23.5403],[-46.3937,-23.5372],[-46.3938,-23.5338],[-46.3945,-23.532],[-46.3956,-23.5309],[-46.3941,-23.5296],[-46.3923,-23.5305],[-46.3908,-23.5294],[-46.3898,-23.5279],[-46.3867,-23.526],[-46.3843,-23.5237],[-46.386,-23.523],[-46.3866,-23.5216],[-46.3831,-23.5204],[-46.3826,-23.5186],[-46.3808,-23.5168],[-46.3796,-23.5162],[-46.3768,-23.5161],[-46.3744,-23.5153],[-46.3745,-23.5138],[-46.3753,-23.5131],[-46.3732,-23.5114],[-46.3707,-23.5112],[-46.3664,-23.5122],[-46.3658,-23.5099],[-46.366,-23.5087],[-46.3651,-23.5038],[-46.3672,-23.5],[-46.3693,-23.4975],[-46.3699,-23.495],[-46.3716,-23.4924],[-46.3737,-23.4898],[-46.3769,-23.4848],[-46.3786,-23.481],[-46.3787,-23.4788],[-46.3798,-23.478],[-46.3812,-23.4756],[-46.3819,-23.4721],[-46.3843,-23.4741],[-46.3836,-23.4755],[-46.3867,-23.4747],[-46.3863,-23.4758],[-46.387,-23.4768],[-46.3863,-23.4797],[-46.3878,-23.482],[-46.3887,-23.4823],[-46.3919,-23.4806],[-46.3952,-23.4827],[-46.3966,-23.4842],[-46.3997,-23.4832],[-46.4009,-23.4856],[-46.4011,-23.4868],[-46.4034,-23.485],[-46.4057,-23.4861],[-46.4066,-23.4851],[-46.4062,-23.4816],[-46.404,-23.4808],[-46.4056,-23.4794],[-46.4044,-23.4781],[-46.4059,-23.4763],[-46.4064,-23.4775],[-46.4081,-23.4769],[-46.4085,-23.4755],[-46.4097,-23.4741],[-46.4077,-23.4729],[-46.4078,-23.4722],[-46.4101,-23.4716],[-46.4106,-23.4704],[-46.4121,-23.4705],[-46.4152,-23.4726],[-46.4184,-23.473],[-46.419,-23.4744],[-46.4217,-23.4731],[-46.4248,-23.4727],[-46.4265,-23.472],[-46.4299,-23.4734],[-46.4298,-23.4758],[-46.4333,-23.4772],[-46.4335,-23.4764],[-46.436,-23.4757],[-46.4363,-23.4769],[-46.4352,-23.4786],[-46.4376,-23.4798],[-46.4396,-23.4801],[-46.442,-23.4794],[-46.4467,-23.4808],[-46.4513,-23.4818],[-46.4572,-23.4828],[-46.4585,-23.4825],[-46.4605,-23.483],[-46.4633,-23.4828],[-46.4659,-23.4823],[-46.4713,-23.4802],[-46.4749,-23.4784],[-46.4784,-23.4776],[-46.48,-23.4769],[-46.4855,-23.4771],[-46.4886,-23.4776],[-46.4938,-23.476],[-46.4989,-23.4769],[-46.503,-23.4773],[-46.5078,-23.4784],[-46.5111,-23.4788],[-46.5127,-23.4797],[-46.5164,-23.4813],[-46.5187,-23.4825],[-46.5203,-23.4842],[-46.5218,-23.4843],[-46.5233,-23.4855],[-46.5261,-23.4891],[-46.5285,-23.4912],[-46.5339,-23.4934],[-46.5363,-23.4964],[-46.5396,-23.4987],[-46.5414,-23.5004],[-46.5417,-23.5015],[-46.5436,-23.5037],[-46.5459,-23.5059],[-46.547,-23.5064],[-46.5509,-23.507],[-46.5533,-23.5078],[-46.5555,-23.5101],[-46.5591,-23.5071],[-46.5594,-23.5044],[-46.5621,-23.5],[-46.562,-23.4992],[-46.5605,-23.4964],[-46.56,-23.494],[-46.5599,-23.4897],[-46.5609,-23.4881],[-46.5614,-23.4841],[-46.561,-23.4816],[-46.5613,-23.4793],[-46.5608,-23.4777],[-46.561,-23.4756],[-46.5617,-23.4743],[-46.5617,-23.4728],[-46.5634,-23.4705],[-46.5653,-23.4687],[-46.5666,-23.4656],[-46.5678,-23.4647],[-46.5693,-23.4608],[-46.5705,-23.4588],[-46.5707,-23.4569],[-46.5704,-23.4542],[-46.5685,-23.4516],[-46.5686,-23.4494],[-46.567,-23.4467],[-46.5668,-23.4424],[-46.5653,-23.4415],[-46.5653,-23.4388],[-46.5649,-23.4357],[-46.5666,-23.435],[-46.5674,-23.4332],[-46.5685,-23.4324],[-46.5676,-23.4313],[-46.567,-23.4295],[-46.5657,-23.4274],[-46.5667,-23.4219],[-46.5661,-23.4188],[-46.5654,-23.4181],[-46.5669,-23.4164],[-46.5666,-23.4154],[-46.5631,-23.4131],[-46.5616,-23.4131],[-46.5598,-23.4108],[-46.5581,-23.4111],[-46.5564,-23.4096],[-46.5561,-23.408],[-46.5565,-23.4051],[-46.555,-23.4016],[-46.5563,-23.3986],[-46.5561,-23.3974],[-46.5538,-23.3949],[-46.5518,-23.3921],[-46.5501,-23.3911],[-46.5473,-23.3879],[-46.5456,-23.387],[-46.5457,-23.3856],[-46.5445,-23.3841],[-46.5447,-23.3808],[-46.5451,-23.3795],[-46.5452,-23.3768],[-46.5443,-23.3753],[-46.542,-23.3739],[-46.5389,-23.3706],[-46.5371,-23.3691],[-46.5377,-23.3668],[-46.5364,-23.3639],[-46.5354,-23.3633],[-46.5388,-23.3617],[-46.5405,-23.3605],[-46.5418,-23.3586],[-46.5434,-23.3575],[-46.547,-23.3577],[-46.5497,-23.3564],[-46.5518,-23.3577],[-46.5534,-23.3612],[-46.5552,-23.3638],[-46.558,-23.3654],[-46.5604,-23.3688],[-46.5638,-23.3699],[-46.566,-23.3715],[-46.5685,-23.3757],[-46.5702,-23.3761],[-46.5733,-23.3755],[-46.5758,-23.3739],[-46.5796,-23.3737],[-46.5807,-23.3746],[-46.581,-23.3769],[-46.5833,-23.3774],[-46.5841,-23.3789],[-46.5862,-23.3807],[-46.5886,-23.3813],[-46.5896,-23.3826],[-46.5928,-23.3849],[-46.5953,-23.3855],[-46.6002,-23.3882],[-46.6009,-23.3891],[-46.6005,-23.3909],[-46.5986,-23.3929],[-46.5995,-23.3951],[-46.6047,-23.3973],[-46.6058,-23.398],[-46.6091,-23.4018],[-46.6123,-23.4074],[-46.6114,-23.4102],[-46.6134,-23.4108],[-46.6143,-23.4117],[-46.6136,-23.4148],[-46.6125,-23.4167],[-46.6132,-23.4177],[-46.6193,-23.4183],[-46.6208,-23.417],[-46.6232,-23.417],[-46.6216,-23.4194],[-46.6212,-23.421],[-46.6218,-23.4227],[-46.6261,-23.4229],[-46.6274,-23.4234],[-46.6294,-23.4257],[-46.6311,-23.4267],[-46.6315,-23.4283],[-46.6343,-23.4293],[-46.6357,-23.4276],[-46.6386,-23.4273],[-46.6427,-23.4276],[-46.6455,-23.4282],[-46.6469,-23.4292],[-46.6513,-23.4292],[-46.6553,-23.4309],[-46.6571,-23.4305],[-46.6599,-23.4262],[-46.6608,-23.4254],[-46.6642,-23.424],[-46.6667,-23.421],[-46.6698,-23.4186],[-46.6725,-23.4192],[-46.676,-23.4159],[-46.6778,-23.4156],[-46.6799,-23.4169],[-46.6823,-23.4177],[-46.6847,-23.4193],[-46.6854,-23.4235],[-46.6854,-23.4255],[-46.6866,-23.427],[-46.6885,-23.426],[-46.6916,-23.4231],[-46.6929,-23.4228],[-46.6952,-23.4242],[-46.6967,-23.4243],[-46.699,-23.4239],[-46.7004,-23.4225],[-46.6999,-23.4188],[-46.7001,-23.4173],[-46.7023,-23.4175],[-46.7073,-23.4165],[-46.7085,-23.4165],[-46.7093,-23.4144],[-46.7093,-23.4106],[-46.71,-23.4074],[-46.7106,-23.4065],[-46.714,-23.4073],[-46.7157,-23.4074],[-46.7179,-23.4061],[-46.7199,-23.4037],[-46.7203,-23.4015],[-46.7196,-23.3993],[-46.7203,-23.3975],[-46.7217,-23.3963],[-46.7251,-23.3948],[-46.727,-23.3949],[-46.7305,-23.3939],[-46.7336,-23.3909],[-46.7355,-23.3881],[-46.7371,-23.3889],[-46.7418,-23.3896],[-46.7428,-23.3893],[-46.7463,-23.3896],[-46.75,-23.3893],[-46.7511,-23.3901],[-46.7535,-23.3893],[-46.7541,-23.3877],[-46.7569,-23.3866],[-46.7605,-23.386],[-46.7613,-23.3871],[-46.7634,-23.3861],[-46.7641,-23.3849],[-46.7656,-23.3864],[-46.7672,-23.3867],[-46.7681,-23.3877],[-46.7702,-23.3887],[-46.7705,-23.3914],[-46.77,-23.3923],[-46.7709,-23.3953],[-46.7708,-23.3972],[-46.7741,-23.3971],[-46.7755,-23.3968],[-46.7772,-23.398],[-46.7773,-23.3989],[-46.7809,-23.3981],[-46.782,-23.3989],[-46.7834,-23.3987],[-46.7841,-23.3997],[-46.7826,-23.4034],[-46.7832,-23.4041],[-46.7849,-23.404],[-46.786,-23.405],[-46.7879,-23.4037],[-46.7888,-23.4038],[-46.7897,-23.4023],[-46.7911,-23.4025],[-46.7926,-23.3999],[-46.7937,-23.3996],[-46.7973,-23.4016],[-46.7989,-23.4021],[-46.8006,-23.4014],[-46.7987,-23.4002],[-46.7987,-23.399],[-46.8006,-23.3971],[-46.8014,-23.3956],[-46.8029,-23.3966],[-46.8058,-23.3969],[-46.8075,-23.3982],[-46.8075,-23.3993],[-46.8102,-23.3997],[-46.8123,-23.3988],[-46.8131,-23.3999],[-46.815,-23.4001],[-46.8173,-23.3994],[-46.8199,-23.4002],[-46.82,-23.4013],[-46.822,-23.4015],[-46.823,-23.401],[-46.8255,-23.4044],[-46.8242,-23.4062],[-46.8245,-23.4073],[-46.8262,-23.4089],[-46.8246,-23.411],[-46.8222,-23.4122],[-46.8217,-23.414],[-46.8204,-23.4153],[-46.8197,-23.4179],[-46.8203,-23.42],[-46.8223,-23.4205],[-46.8233,-23.4224],[-46.8226,-23.4253],[-46.8215,-23.4271],[-46.8196,-23.4289],[-46.8169,-23.4297],[-46.8156,-23.4317],[-46.8152,-23.4336],[-46.8127,-23.435],[-46.8115,-23.4369],[-46.8116,-23.4407],[-46.8095,-23.4423],[-46.8095,-23.4451],[-46.8091,-23.4462],[-46.8093,-23.448],[-46.8086,-23.4518],[-46.8059,-23.4558],[-46.8056,-23.4576],[-46.8058,-23.4601],[-46.8054,-23.4625],[-46.8022,-23.4659],[-46.801,-23.467],[-46.8003,-23.4693],[-46.8007,-23.4704],[-46.7995,-23.4714],[-46.7988,-23.4705],[-46.7971,-23.4699],[-46.7965,-23.4673],[-46.7967,-23.465],[-46.796,-23.4629],[-46.7943,-23.4627],[-46.792,-23.4615],[-46.7895,-23.4631],[-46.787,-23.4657],[-46.7854,-23.4662],[-46.7833,-23.4658],[-46.7818,-23.4639],[-46.7806,-23.465],[-46.7788,-23.4652],[-46.7764,-23.4647],[-46.7737,-23.4615],[-46.7736,-23.4606],[-46.772,-23.4588],[-46.7704,-23.4584],[-46.7721,-23.4613],[-46.7728,-23.4631],[-46.7748,-23.4644],[-46.7758,-23.4686],[-46.775,-23.4706],[-46.7751,-23.4718],[-46.7717,-23.4736],[-46.7706,-23.4747],[-46.7698,-23.4768],[-46.7705,-23.4798],[-46.77,-23.4814],[-46.7699,-23.4839],[-46.7678,-23.4868],[-46.7663,-23.4913],[-46.7655,-23.4919],[-46.7616,-23.4934],[-46.7599,-23.4933],[-46.7584,-23.4944],[-46.756,-23.495],[-46.7555,-23.4962],[-46.7574,-23.498],[-46.7575,-23.4998],[-46.7598,-23.5],[-46.7615,-23.5017],[-46.7638,-23.5056],[-46.764,-23.5064],[-46.7618,-23.5091],[-46.7619,-23.5103],[-46.7603,-23.5109],[-46.7596,-23.5125],[-46.7579,-23.5132],[-46.7575,-23.514],[-46.7578,-23.5158],[-46.7547,-23.5166],[-46.753,-23.5174],[-46.7531,-23.5197],[-46.7508,-23.5208],[-46.747,-23.5204],[-46.7485,-23.5237],[-46.7501,-23.5251],[-46.7514,-23.5254],[-46.7546,-23.5252],[-46.7564,-23.5246],[-46.7571,-23.5265],[-46.76,-23.5292],[-46.7604,-23.53],[-46.7599,-23.5327],[-46.7606,-23.5358],[-46.7597,-23.5389],[-46.7605,-23.5428],[-46.7605,-23.5463],[-46.7588,-23.549],[-46.76,-23.55],[-46.7593,-23.5519],[-46.7602,-23.555],[-46.7623,-23.557],[-46.7624,-23.5582],[-46.7634,-23.5593],[-46.7638,-23.5611],[-46.7648,-23.5616],[-46.7652,-23.5634],[-46.7668,-23.5637],[-46.7673,-23.5627],[-46.7689,-23.5629],[-46.7705,-23.5648],[-46.7719,-23.5651],[-46.7725,-23.5687],[-46.7731,-23.5701],[-46.7786,-23.571],[-46.7812,-23.5732],[-46.7818,-23.5747],[-46.7847,-23.5742],[-46.786,-23.5745],[-46.7873,-23.5767],[-46.7883,-23.5775],[-46.7913,-23.5778],[-46.7926,-23.5802],[-46.7946,-23.5812],[-46.7952,-23.5825],[-46.7967,-23.5826],[-46.798,-23.5837],[-46.799,-23.583],[-46.8064,-23.584],[-46.8074,-23.5856],[-46.8057,-23.5872],[-46.8051,-23.5887],[-46.8068,-23.5924],[-46.8067,-23.5938],[-46.8089,-23.5984],[-46.8089,-23.5999],[-46.8081,-23.601],[-46.8092,-23.6028],[-46.8078,-23.6042],[-46.8081,-23.6062],[-46.8074,-23.6084],[-46.8078,-23.6091],[-46.8046,-23.6089],[-46.8019,-23.6078],[-46.7999,-23.6077],[-46.7984,-23.6048],[-46.7965,-23.605],[-46.7944,-23.6065],[-46.7925,-23.6055],[-46.7906,-23.6055],[-46.789,-23.6064],[-46.7875,-23.6049],[-46.7843,-23.6037],[-46.7813,-23.6041],[-46.78,-23.6035],[-46.779,-23.6022],[-46.7771,-23.6029],[-46.7752,-23.6029],[-46.774,-23.6006],[-46.7717,-23.5998],[-46.7686,-23.6002],[-46.7667,-23.599],[-46.7632,-23.598],[-46.7607,-23.5949],[-46.759,-23.5972],[-46.7592,-23.5983],[-46.7581,-23.5995],[-46.7566,-23.5997],[-46.755,-23.6007],[-46.7508,-23.6028],[-46.7498,-23.605],[-46.75,-23.6059],[-46.7515,-23.6064],[-46.7516,-23.6086],[-46.7525,-23.6105],[-46.7539,-23.6115],[-46.7554,-23.6113],[-46.7581,-23.6129],[-46.7603,-23.6149],[-46.761,-23.6174],[-46.763,-23.6188],[-46.7654,-23.622],[-46.7674,-23.6237],[-46.7691,-23.6271],[-46.7722,-23.6284],[-46.7729,-23.6292],[-46.7765,-23.631],[-46.7777,-23.6341],[-46.7776,-23.6352],[-46.7809,-23.6372],[-46.7849,-23.6384],[-46.7852,-23.6394],[-46.7878,-23.6408],[-46.7887,-23.6423],[-46.7896,-23.6449],[-46.7927,-23.6472],[-46.7925,-23.6496],[-46.7919,-23.6521],[-46.7934,-23.6568],[-46.7934,-23.6582],[-46.7942,-23.6592],[-46.7939,-23.6603],[-46.7945,-23.6618],[-46.7945,-23.6638],[-46.7955,-23.6653],[-46.795,-23.6668],[-46.7955,-23.6703],[-46.7973,-23.674],[-46.7985,-23.6751],[-46.7987,-23.6768],[-46.8,-23.6786],[-46.7996,-23.6812],[-46.8015,-23.6847],[-46.8015,-23.6854],[-46.8015,-23.6866],[-46.7989,-23.6903],[-46.798,-23.6938],[-46.797,-23.6954],[-46.7975,-23.6964],[-46.7997,-23.6969],[-46.8,-23.6985],[-46.7982,-23.6987],[-46.7946,-23.7001],[-46.7927,-23.7005],[-46.7915,-23.7018],[-46.7913,-23.705],[-46.7921,-23.7063],[-46.793,-23.7101],[-46.7926,-23.7109],[-46.7932,-23.7133],[-46.7925,-23.7143],[-46.7925,-23.7183],[-46.7919,-23.7191],[-46.7927,-23.7204],[-46.7924,-23.7213],[-46.7943,-23.7247],[-46.7948,-23.7261],[-46.7977,-23.728],[-46.7985,-23.7291],[-46.7985,-23.7311],[-46.7956,-23.7359],[-46.796,-23.7391],[-46.793,-23.7399],[-46.7901,-23.7412],[-46.7903,-23.744],[-46.787,-23.7467],[-46.7857,-23.7471],[-46.7832,-23.7488],[-46.7815,-23.7507],[-46.78,-23.7494],[-46.7781,-23.7506],[-46.777,-23.7506],[-46.7766,-23.7524],[-46.7757,-23.753],[-46.7727,-23.7519],[-46.7699,-23.7529],[-46.7692,-23.7547],[-46.7692,-23.7578],[-46.7701,-23.7613],[-46.7712,-23.7636],[-46.7732,-23.7655],[-46.7753,-23.7659],[-46.7774,-23.7672],[-46.7797,-23.7703],[-46.7815,-23.7721],[-46.7862,-23.7731],[-46.7881,-23.7738],[-46.7901,-23.7761],[-46.7908,-23.7777],[-46.791,-23.78],[-46.7894,-23.7847],[-46.7896,-23.7862],[-46.7882,-23.7863],[-46.7887,-23.7876],[-46.7901,-23.7883],[-46.7891,-23.7899],[-46.7937,-23.7938],[-46.7965,-23.7975],[-46.7959,-23.7985],[-46.7966,-23.7997],[-46.7984,-23.8003],[-46.7993,-23.8014],[-46.8004,-23.8015],[-46.8007,-23.8047],[-46.8017,-23.8061],[-46.8019,-23.8079],[-46.8011,-23.8098],[-46.7962,-23.8111],[-46.7951,-23.8105],[-46.7918,-23.8113],[-46.7888,-23.8116],[-46.7863,-23.8127],[-46.7824,-23.8132],[-46.7805,-23.8142],[-46.775,-23.8177],[-46.7734,-23.8181],[-46.7716,-23.82],[-46.7689,-23.8214],[-46.7671,-23.8239],[-46.7632,-23.8266],[-46.7626,-23.8279],[-46.763,-23.8306],[-46.7636,-23.832],[-46.7656,-23.8334],[-46.7655,-23.8348],[-46.7632,-23.8346],[-46.7626,-23.8359],[-46.7634,-23.8386],[-46.763,-23.8397],[-46.7643,-23.8426],[-46.7674,-23.8436],[-46.7693,-23.8434],[-46.7735,-23.8438],[-46.7765,-23.8422],[-46.7784,-23.8416],[-46.7799,-23.8422],[-46.7789,-23.8464],[-46.7796,-23.8486],[-46.7791,-23.8491],[-46.7795,-23.8514],[-46.776,-23.8554],[-46.7766,-23.8926],[-46.7768,-23.8932],[-46.786,-23.8943],[-46.7877,-23.8948],[-46.7951,-23.8938],[-46.7964,-23.8931],[-46.799,-23.8937],[-46.8009,-23.8928],[-46.8009,-23.8904],[-46.8014,-23.889],[-46.803,-23.8877],[-46.8054,-23.8875],[-46.8074,-23.8865],[-46.8072,-23.8881],[-46.8062,-23.8918],[-46.8053,-23.8914],[-46.8046,-23.8952],[-46.8049,-23.8972],[-46.8069,-23.8998],[-46.8071,-23.9013],[-46.8096,-23.905],[-46.8109,-23.9061],[-46.8116,-23.9078],[-46.8111,-23.9115],[-46.8118,-23.9133],[-46.8111,-23.9152],[-46.8118,-23.9171],[-46.8107,-23.9186],[-46.8107,-23.9205],[-46.8101,-23.923],[-46.808,-23.9293],[-46.8083,-23.9308],[-46.808,-23.9326],[-46.807,-23.9346],[-46.8074,-23.9365],[-46.8069,-23.9382],[-46.8046,-23.9386],[-46.8013,-23.9378],[-46.8001,-23.938],[-46.796,-23.9402],[-46.7945,-23.9426],[-46.7928,-23.9431],[-46.7912,-23.9426],[-46.7898,-23.9409],[-46.7876,-23.9412],[-46.7856,-23.9423],[-46.7834,-23.9453],[-46.7835,-23.9469],[-46.7809,-23.9488],[-46.7777,-23.95],[-46.7757,-23.9499],[-46.7742,-23.9503],[-46.7749,-23.9529],[-46.7742,-23.9538],[-46.7751,-23.9564],[-46.772,-23.9599],[-46.7716,-23.961],[-46.7698,-23.9609],[-46.7683,-23.962],[-46.7663,-23.9612],[-46.7649,-23.9617],[-46.7633,-23.9632],[-46.7625,-23.9647],[-46.7637,-23.9662],[-46.7626,-23.9683],[-46.7611,-23.9691],[-46.7593,-23.9708],[-46.7583,-23.9725],[-46.7554,-23.9725],[-46.7548,-23.9732],[-46.7549,-23.9754],[-46.7559,-23.9759],[-46.7573,-23.9783],[-46.7591,-23.9787],[-46.7591,-23.9799],[-46.7582,-23.9806],[-46.7603,-23.9834],[-46.7604,-23.9848],[-46.7622,-23.9865],[-46.7623,-23.988],[-46.7644,-23.9885],[-46.7648,-23.9901],[-46.7664,-23.9917],[-46.767,-23.995],[-46.7682,-23.9961],[-46.7682,-23.9988],[-46.7709,-24.0008],[-46.7739,-24.0021],[-46.7747,-24.003],[-46.7742,-24.005],[-46.7723,-24.0064],[-46.772,-24.0077],[-46.7694,-24.0084],[-46.768,-24.0063],[-46.7664,-24.0054],[-46.7649,-24.0062],[-46.7627,-24.006],[-46.7612,-24.0032],[-46.7597,-24.0029],[-46.758,-24.0013],[-46.755,-23.9968],[-46.7522,-23.9958],[-46.751,-23.9965],[-46.7494,-23.9954],[-46.7492,-23.9943],[-46.7451,-23.9939],[-46.7427,-23.9919],[-46.7404,-23.9924],[-46.7376,-23.9919],[-46.736,-23.9935],[-46.7322,-23.9952],[-46.7303,-23.9955],[-46.7262,-23.9943],[-46.7244,-23.9943],[-46.721,-23.993],[-46.72,-23.9946],[-46.7175,-23.9958],[-46.7148,-23.9962],[-46.7136,-23.9954],[-46.7128,-23.9939],[-46.7103,-23.9934],[-46.7081,-23.991],[-46.7063,-23.9907],[-46.7034,-23.9916],[-46.6993,-23.9903],[-46.6967,-23.9883],[-46.6941,-23.9867],[-46.6921,-23.9844],[-46.6875,-23.9847],[-46.6855,-23.9824],[-46.6833,-23.9824],[-46.6824,-23.9832],[-46.6816,-23.9854],[-46.68,-23.9872],[-46.6754,-23.9894],[-46.6735,-23.9885],[-46.6717,-23.9891],[-46.6678,-23.9882],[-46.6653,-23.9881],[-46.6618,-23.9882],[-46.6591,-23.992],[-46.6566,-23.9932],[-46.6546,-23.9955],[-46.653,-23.9967],[-46.6509,-24.001],[-46.6499,-24.0016],[-46.6476,-23.9999],[-46.6437,-23.9987],[-46.6426,-23.9979],[-46.6404,-23.9978],[-46.6395,-23.9972],[-46.6389,-23.9954],[-46.6371,-23.9942],[-46.6351,-23.9948],[-46.6337,-23.9927],[-46.6314,-23.9923],[-46.6295,-23.9912],[-46.6304,-23.9899],[-46.6331,-23.988],[-46.6333,-23.9838],[-46.6348,-23.9811],[-46.6357,-23.9773],[-46.6312,-23.975],[-46.6305,-23.9742],[-46.6278,-23.9733],[-46.6277,-23.9725],[-46.625,-23.9723],[-46.6242,-23.9712],[-46.6229,-23.9713],[-46.6205,-23.9707],[-46.62,-23.9696],[-46.618,-23.9678],[-46.6167,-23.9681],[-46.6158,-23.9673],[-46.6133,-23.9685],[-46.6119,-23.9678]]]}},{"type":"Feature","id":"3552502","properties":{"ibge_code":"3552502","name":"Suzano","state_code":"SP"},"geometry":{"type":"Polygon","coordinates":[[[-46.3219,-23.7444],[-46.3198,-23.7445],[-46.3177,-23.7435],[-46.3166,-23.7422],[-46.3127,-23.7406],[-46.3109,-23.7388],[-46.3094,-23.7366],[-46.308,-23.7359],[-46.3069,-23.7336],[-46.3068,-23.732],[-46.3019,-23.7285],[-46.3018,-23.7269],[-46.2992,-23.7253],[-46.2973,-23.7234],[-46.2969,-23.7209],[-46.2952,-23.7187],[-46.2953,-23.717],[-46.2967,-23.7152],[-46.2952,-23.7109],[-46.2965,-23.7072],[-46.2979,-23.7049],[-46.2971,-23.7035],[-46.2952,-23.7024],[-46.2943,-23.7014],[-46.2922,-23.7004],[-46.29,-23.6986],[-46.2861,-23.6969],[-46.284,-23.6946],[-46.2817,-23.694],[-46.2786,-23.6919],[-46.2778,-23.6909],[-46.2754,-23.69],[-46.2744,-23.69],[-46.2723,-23.6889],[-46.2709,-23.6889],[-46.269,-23.6877],[-46.2668,-23.6857],[-46.266,-23.6844],[-46.2674,-23.683],[-46.2658,-23.6801],[-46.2656,-23.6787],[-46.2634,-23.6763],[-46.2629,-23.6749],[-46.2609,-23.6729],[-46.2605,-23.6703],[-46.2597,-23.6696],[-46.2582,-23.6701],[-46.2577,-23.6681],[-46.2587,-23.6671],[-46.2582,-23.6629],[-46.2589,-23.6614],[-46.2587,-23.6599],[-46.2575,-23.6593],[-46.2578,-23.6569],[-46.2551,-23.6527],[-46.2544,-23.6503],[-46.2556,-23.6483],[-46.2557,-23.6473],[-46.2573,-23.6461],[-46.2583,-23.6429],[-46.2575,-23.6416],[-46.2577,-23.6392],[-46.2596,-23.6375],[-46.2591,-23.6354],[-46.261,-23.633],[-46.2635,-23.6307],[-46.2646,-23.6289],[-46.2636,-23.6268],[-46.2638,-23.6252],[-46.2615,-23.6206],[-46.2623,-23.6166],[-46.2619,-23.6152],[-46.2603,-23.6145],[-46.2591,-23.6117],[-46.2603,-23.6108],[-46.2636,-23.6091],[-46.2639,-23.6074],[-46.2651,-23.6064],[-46.2662,-23.6034],[-46.265,-23.6007],[-46.2655,-23.5991],[-46.2681,-23.5922],[-46.2723,-23.5868],[-46.2777,-23.5808],[-46.2798,-23.5772],[-46.2807,-23.5725],[-46.2818,-23.5702],[-46.284,-23.5686],[-46.2838,-23.5674],[-46.285,-23.566],[-46.2825,-23.5615],[-46.2805,-23.5591],[-46.2807,-23.5563],[-46.2792,-23.5555],[-46.2791,-23.5535],[-46.2811,-23.5522],[-46.2811,-23.5487],[-46.28,-23.5483],[-46.2795,-23.5459],[-46.2783,-23.545],[-46.2746,-23.5452],[-46.2716,-23.545],[-46.271,-23.5445],[-46.2712,-23.5412],[-46.2701,-23.5396],[-46.2682,-23.5395],[-46.2695,-23.5379],[-46.2662,-23.5353],[-46.2641,-23.5353],[-46.2647,-23.532],[-46.2622,-23.5242],[-46.2632,-23.5223],[-46.2661,-23.5197],[-46.2662,-23.5178],[-46.2674,-23.5139],[-46.2695,-23.5128],[-46.2683,-23.5116],[-46.2681,-23.5094],[-46.2692,-23.5049],[-46.2688,-23.5038],[-46.2667,-23.502],[-46.2654,-23.5004],[-46.2646,-23.4986],[-46.2642,-23.4964],[-46.2643,-23.4945],[-46.2652,-23.4925],[-46.2652,-23.4885],[-46.2684,-23.4856],[-46.2695,-23.4858],[-46.2717,-23.4851],[-46.2741,-23.4853],[-46.2766,-23.4867],[-46.2794,-23.4867],[-46.283,-23.4875],[-46.2843,-23.4888],[-46.2859,-23.4893],[-46.2871,-23.4888],[-46.2881,-23.4896],[-46.2913,-23.4918],[-46.2946,-23.4946],[-46.2972,-23.4952],[-46.2986,-23.4964],[-46.2993,-23.4958],[-46.301,-23.4962],[-46.3021,-23.4953],[-46.304,-23.4957],[-46.3052,-23.495],[-46.3062,-23.4927],[-46.3097,-23.4917],[-46.3105,-23.4925],[-46.314,-23.4927],[-46.3156,-23.4919],[-46.3203,-23.4918],[-46.3223,-23.4908],[-46.3243,-23.4905],[-46.3285,-23.4886],[-46.3311,-23.4889],[-46.3337,-23.4933],[-46.334,-23.4948],[-46.3355,-23.4956],[-46.3343,-23.4974],[-46.3361,-23.4997],[-46.3352,-23.501],[-46.3328,-23.4995],[-46.3321,-23.5011],[-46.3304,-23.5001],[-46.3306,-23.5022],[-46.3295,-23.5032],[-46.3299,-23.5057],[-46.3301,-23.5064],[-46.3287,-23.5081],[-46.3279,-23.5105],[-46.3247,-23.5116],[-46.3259,-23.5128],[-46.3267,-23.5148],[-46.3252,-23.5158],[-46.3275,-23.5165],[-46.3288,-23.5176],[-46.3291,-23.5192],[-46.3299,-23.5202],[-46.3285,-23.5228],[-46.3298,-23.5267],[-46.3293,-23.5295],[-46.3313,-23.5319],[-46.3311,-23.5331],[-46.3317,-23.536],[-46.3312,-23.5379],[-46.3315,-23.539],[-46.3342,-23.5405],[-46.3373,-23.5435],[-46.3382,-23.545],[-46.3402,-23.5457],[-46.3413,-23.5471],[-46.341,-23.5487],[-46.3413,-23.5516],[-46.3428,-23.5572],[-46.3422,-23.558],[-46.3423,-23.5607],[-46.3443,-23.564],[-46.3443,-23.5649],[-46.3465,-23.5684],[-46.35,-23.5735],[-46.353,-23.5739],[-46.3535,-23.5755],[-46.3551,-23.5767],[-46.3548,-23.5778],[-46.3559,-23.5798],[-46.3561,-23.5819],[-46.3596,-23.5819],[-46.3619,-23.583],[-46.3633,-23.5852],[-46.3629,-23.5876],[-46.3657,-23.5907],[-46.3668,-23.5935],[-46.3669,-23.5955],[-46.3688,-23.5975],[-46.3685,-23.5988],[-46.3703,-23.6011],[-46.3698,-23.6021],[-46.3711,-23.6053],[-46.3719,-23.6061],[-46.373,-23.6088],[-46.3749,-23.6101],[-46.377,-23.6106],[-46.378,-23.6115],[-46.3788,-23.6132],[-46.3809,-23.6141],[-46.3815,-23.6156],[-46.3834,-23.6177],[-46.3828,-23.6224],[-46.3799,-23.6279],[-46.3787,-23.6317],[-46.3787,-23.6338],[-46.3783,-23.6361],[-46.3759,-23.6394],[-46.3758,-23.6406],[-46.3746,-23.6423],[-46.372,-23.6442],[-46.3684,-23.6439],[-46.3656,-23.6423],[-46.3632,-23.6421],[-46.3615,-23.6412],[-46.3608,-23.6402],[-46.3587,-23.6397],[-46.3569,-23.6385],[-46.3556,-23.6394],[-46.3536,-23.6424],[-46.3536,-23.6436],[-46.3545,-23.6456],[-46.3534,-23.6472],[-46.3536,-23.6489],[-46.3553,-23.6496],[-46.3548,-23.6514],[-46.3568,-23.655],[-46.3571,-23.6586],[-46.3583,-23.6605],[-46.3567,-23.6619],[-46.3564,-23.6634],[-46.3507,-23.6664],[-46.3491,-23.6679],[-46.3489,-23.6691],[-46.3467,-23.6711],[-46.3444,-23.6737],[-46.343,-23.6742],[-46.3394,-23.6768],[-46.3385,-23.6779],[-46.3367,-23.6817],[-46.3374,-23.6829],[-46.3369,-23.6863],[-46.3373,-23.6877],[-46.3356,-23.6918],[-46.3335,-23.6935],[-46.3317,-23.6966],[-46.3315,-23.6984],[-46.3322,-23.7015],[-46.3323,-23.7039],[-46.3309,-23.706],[-46.3307,-23.7089],[-46.3295,-23.7083],[-46.3283,-23.7063],[-46.3287,-23.7034],[-46.3285,-23.7025],[-46.3267,-23.7023],[-46.325,-23.7028],[-46.3237,-23.7041],[-46.3247,-23.7062],[-46.3246,-23.7093],[-46.3265,-23.7114],[-46.3262,-23.7132],[-46.3273,-23.7142],[-46.3261,-23.7178],[-46.3266,-23.7212],[-46.326,-23.7242],[-46.3272,-23.7252],[-46.3266,-23.7277],[-46.3281,-23.7284],[-46.3249,-23.731],[-46.3244,-23.7332],[-46.3223,-23.7354],[-46.3203,-23.7362],[-46.3187,-23.736],[-46.3173,-23.737],[-46.3168,-23.7392],[-46.3184,-23.7415],[-46.3219,-23.7444]]]}},{"type":"Feature","id":"3552809","properties":{"ibge_code":"3552809","name":"Taboão da Serra","state_code":"SP"},"geometry":{"type":"Polygon","coordinates":[[[-46.7927,-23.6472],[-46.7896,-23.6449],[-46.7887,-23.6423],[-46.7878,-23.6408],[-46.7852,-23.6394],[-46.7849,-23.6384],[-46.7809,-23.6372],[-46.7776,-23.6352],[-46.7777,-23.6341],[-46.7765,-23.631],[-46.7729,-23.6292],[-46.7722,-23.6284],[-46.7691,-23.6271],[-46.7674,-23.6237],[-46.7654,-23.622],[-46.763,-23.6188],[-46.761,-23.6174],[-46.7603,-23.6149],[-46.7581,-23.6129],[-46.7554,-23.6113],[-46.7539,-23.6115],[-46.7525,-23.6105],[-46.7516,-23.6086],[-46.7515,-23.6064],[-46.75,-23.6059],[-46.7498,-23.605],[-46.7508,-23.6028],[-46.755,-23.6007],[-46.7566,-23.5997],[-46.7581,-23.5995],[-46.7592,-23.5983],[-46.759,-23.5972],[-46.7607,-23.5949],[-46.7632,-23.598],[-46.7667,-23.599],[-46.7686,-23.6002],[-46.7717,-23.5998],[-46.774,-23.6006],[-46.7752,-23.6029],[-46.7771,-23.6029],[-46.779,-23.6022],[-46.78,-23.6035],[-46.7813,-23.6041],[-46.7843,-23.6037],[-46.7875,-23.6049],[-46.789,-23.6064],[-46.7906,-23.6055],[-46.7925,-23.6055],[-46.7944,-23.6065],[-46.7965,-23.605],[-46.7984,-23.6048],[-46.7999,-23.6077],[-46.8019,-23.6078],[-46.8046,-23.6089],[-46.8078,-23.6091],[-46.8092,-23.6091],[-46.8102,-23.6101],[-46.8126,-23.613],[-46.8127,-23.6136],[-46.8097,-23.6185],[-46.81,-23.6208],[-46.8115,-23.6224],[-46.8121,-23.624],[-46.8101,-23.6253],[-46.8128,-23.629],[-46.8127,-23.6302],[-46.8155,-23.6317],[-46.8166,-23.6351],[-46.819,-23.6363],[-46.8201,-23.6356],[-46.8216,-23.6359],[-46.8066,-23.6417],[-46.7927,-23.6471],[-46.7927,-23.6472]]]}},{"type":"Feature","id":"3556453","properties":{"ibge_code":"3556453","name":"Vargem Grande Paulista","state_code":"SP"},"geometry":{"type":"Polygon","coordinates":[[[-47.059,-23.6283],[-47.0559,-23.6284],[-47.053,-23.6294],[-47.0524,-23.6307],[-47.0508,-23.6304],[-47.0487,-23.6311],[-47.0474,-23.6309],[-47.0451,-23.6315],[-47.0441,-23.6328],[-47.0442,-23.634],[-47.0435,-23.6365],[-47.042,-23.6377],[-47.0401,-23.6381],[-47.0365,-23.6402],[-47.0357,-23.6424],[-47.0337,-23.6435],[-47.0291,-23.6442],[-47.0257,-23.6433],[-47.0228,-23.6449],[-47.0216,-23.6476],[-47.0216,-23.6496],[-47.0198,-23.6542],[-47.0185,-23.6545],[-47.0174,-23.6567],[-47.015,-23.6571],[-47.014,-23.656],[-47.012,-23.656],[-47.0092,-23.6578],[-47.0087,-23.6588],[-47.0057,-23.6608],[-47.0043,-23.6623],[-47.0003,-23.6611],[-46.999,-23.6618],[-46.9963,-23.6617],[-46.9961,-23.6638],[-46.9965,-23.6683],[-46.9957,-23.6703],[-46.994,-23.6703],[-46.9921,-23.6667],[-46.9882,-23.6653],[-46.988,-23.6648],[-46.9891,-23.6614],[-46.9887,-23.6591],[-46.9865,-23.6584],[-46.9868,-23.6561],[-46.9857,-23.6543],[-46.9864,-23.6531],[-46.9882,-23.6517],[-46.9915,-23.6479],[-46.9921,-23.6456],[-46.9918,-23.644],[-46.9897,-23.6403],[-46.9897,-23.6376],[-46.9889,-23.6345],[-46.9874,-23.6334],[-46.9884,-23.6306],[-46.9884,-23.6286],[-46.9874,-23.6276],[-46.9885,-23.6248],[-46.9881,-23.6221],[-46.9893,-23.6176],[-46.988,-23.6155],[-46.9884,-23.6119],[-46.9907,-23.6098],[-46.9901,-23.609],[-46.9872,-23.6086],[-46.9836,-23.6057],[-46.9839,-23.6045],[-46.9826,-23.6026],[-46.9815,-23.6022],[-46.9833,-23.6014],[-46.9849,-23.6028],[-46.9882,-23.6029],[-46.9895,-23.6026],[-46.99,-23.6014],[-46.9893,-23.5997],[-46.9904,-23.5978],[-46.9923,-23.5961],[-46.9921,-23.5947],[-46.9941,-23.5943],[-46.9975,-23.5942],[-46.9991,-23.593],[-46.9993,-23.5915],[-47.0003,-23.5903],[-46.9996,-23.589],[-47.0002,-23.5871],[-46.9995,-23.5852],[-46.9966,-23.5809],[-46.9968,-23.5795],[-46.9991,-23.5804],[-47.0012,-23.5805],[-47.0026,-23.5796],[-47.0042,-23.58],[-47.0056,-23.5789],[-47.0076,-23.578],[-47.0086,-23.5783],[-47.0098,-23.5801],[-47.0111,-23.5806],[-47.015,-23.581],[-47.0183,-23.5851],[-47.0202,-23.586],[-47.0211,-23.5857],[-47.0225,-23.582],[-47.0281,-23.5813],[-47.0308,-23.5822],[-47.0318,-23.5828],[-47.0323,-23.5855],[-47.0313,-23.5876],[-47.0312,-23.589],[-47.0324,-23.5908],[-47.0326,-23.5924],[-47.0348,-23.597],[-47.0373,-23.5991],[-47.0364,-23.6012],[-47.038,-23.6038],[-47.0392,-23.6044],[-47.0409,-23.6073],[-47.0412,-23.6106],[-47.0425,-23.6121],[-47.0449,-23.6125],[-47.0473,-23.614],[-47.047,-23.6158],[-47.0477,-23.6174],[-47.0503,-23.6189],[-47.0528,-23.6172],[-47.0546,-23.6173],[-47.0562,-23.6187],[-47.057,-23.6212],[-47.057,-23.624],[-47.0576,-23.6262],[-47.059,-23.6283]]]}}]}
